,CIN,name_x,name_y
0,L01132AS1977PLC001706,WARREN TEA LIMITED,Warren Tea Limited
1,L01132TZ1922PLC000234,THE UNITED NILGIRI TEA ESTATES COMPANY LIMITED,The United Nilgiri Tea Estates Company Limited
2,L01132WB1900PLC000292,JOONKTOLLEE TEA AND INDUSTRIES LIMITED,Joonktollee Tea & Industries Ltd.
3,L01132WB1994PLC063513,ROSSELL INDIA LIMITED,Rossell India Limited
4,L01222PN1976PLC017422,VENKY'S (INDIA) LIMITED,Venkys (India) Limited
5,L01409WB1982PLC034590,IFB AGRO INDUSTRIES LTD.,Ifb Agro Industries Ltd.
6,L02101KA1955PLC001936,THE WEST COAST PAPER MILLS LIMITED,The West Coast Paper Mills Limited
7,L02411KA1988PLC009465,VIVIMED LABS LIMITED,Bs & B Safety Systems (India) Limited
8,L10889MH1957PLC010889,GARWARE POLYESTER LIMITED,Garware Polyester Limited
9,L11101AS1959GOI001148,OIL INDIA LIMITED,Oil India Limited
10,L11101MH2006PLC163934,CAIRN INDIA LIMITED,Cairn India Limited
11,L13209GA1965PLC000044,VEDANTA LIMITED,Vedanta Limited
12,L14100GJ1963SGC001206,GUJARAT MINERAL DEVELOPMENT CORPORATION LIMITED,Gujarat Mineral Development Corporation Limited
13,L14101KA1989PLC062041,PACIFIC INDUSTRIES LIMITED,Pacific Industries Limited
14,L14101RJ1984PLC003134,ELEGANT MARBLES AND GRANI INDUSTRIES LIMITED,Elegant Marbles And Grani Industries Limited
15,L14106UP1995PLC019017,JAIPRAKASH ASSOCIATES LIMITED,Jaiprakash Associates Limited
16,L15122WB2007PLC162762,ASIAN HOTELS (EAST) LIMITED,Asian Hotels (East) Limited
17,L15140GJ1991PLC016151,GUJARAT AMBUJA EXPORTS LIMITED,Gujarat Ambuja Exports Limited
18,L15140MH1986PLC038536,RUCHI SOYA INDUSTRIES LIMITED,Ruchi Soya Industries Limited
19,L15142TN1986PLC012780,AVT NATURAL PRODUCTS LIMITED,Avt Natural Products Limited
20,L15143PB1983PLC018321,NAHAR INDUSTRIAL ENTERPRISES LIMITED,Nahar Industrial Enterprises Limited
21,L15201GJ1994PLC023490,ZYDUS WELLNESS LIMITED,Zydus Wellness Limited
22,L15249UP1933PLC000511,DHAMPUR SUGAR MILLS LIMITED,Dhampur Sugar Mills Limited
23,L15311DL1993PLC052624,DFM FOODS LIMITED,Dfm Foods Limited
24,L15412WB1918PLC002964,BRITANNIA INDUSTRIES LTD,Britannia Industries Ltd
25,L15420AP1947PLC000326,THE ANDHRA SUGARS LIMITED,The Andhra Sugars Limited
26,L15491WB1962PLC031425,TATA GLOBAL BEVERAGES LIMITED,Tata Global Beverages Limited
27,L16001AP1993PLC095778,AVANTI FEEDS LIMITED,Avanti Feeds Limited
28,L16004MH1936PLC008587,GODFREY PHILLIPS INDIA LIMITED,Godfrey Phillips India Limited
29,L16008UP1983PLC006254,KOTHARI PRODUCTS LIMITED.,Kothari Products Limited.
30,L17110GJ1913PLC000035,MAFATLAL INDUSTRIES LIMITED,Mafatlal Industries Limited
31,L17110MH1973PLC019786,RELIANCE INDUSTRIES LIMITED,Reliance Industries Limited
32,L17111GJ1979PLC003463,GARDEN SILK MILLS LIMITED,Garden Silk Mills Limited
33,L17111PB1973PLC003345,VARDHMAN TEXTILES LIMITED,Vardhman Textiles Limited
34,L17111RJ1992PLC006987,NITIN SPINNERS LIMITED,Nitin Spinners Limited
35,L17111TN1946PLC001361,LOYAL TEXTILE MILLS LIMITED,Loyal Textile Mills Limited
36,L17111TN1946PLC003270,VTM LIMITED,Vtm Limited
37,L17111TZ1973PLC000675,SAMBANDAM SPINNING MILLS LIMITED,Sambandam Spinning Mills Limited
38,L17111TZ1981PLC001109,SUPER SALES INDIA LIMITED,Super Sales India Limited
39,L17111TZ1989PLC002476,BANNARI AMMAN SPINNING MILLS LIMITED,Bannari Amman Spinning Mills Limited
40,L17111TZ1994PLC004797,SALONA COTSPIN LIMITED,Salona Cotspin Limited
41,L17111TZ2003PLC010518,K.P.R. MILL LIMITED,K.P.R. Mill Limited
42,L17115PB1979PLC003994,SHREYANS INDUSTRIES LIMITED,Shreyans Industries Limited
43,L17115PB1980PLC004341,NAHAR SPINNING MILLS LIMITED,Nahar Spinning Mills Ltd
44,L17115PB1988PLC008820,NAHAR POLY FILMS LIMITED,Nahar Poly Films Limited
45,L17115RJ1960PLC008216,RSWM LIMITED,Rswm Limited
46,L17118RJ1984PLC003173,SANGAM (INDIA) LIMITED,Sangam (India) Limited
47,L17119DN1990PLC000091,FILATEX INDIA LIMITED(TR.CO.FROM DELHI),Filatex India Ltd(Tr.Co.From Delhi)
48,L17119GJ1992PLC018073,BETEX INDIA LIMITED (CO TR FROM MAHA ),Betex India Limited (Co Tr From Maha )
49,L17119WB1992PLC054454,GLOSTER LIMITED,Gloster Limited
50,L17120MH1871PLC000005,PENINSULA LAND LIMITED,Peninsula Land Limited
51,L17120MH1879PLC000037,THE BOMBAY DYEING AND MANUFACTURING COMPANY LIMITED,The Bombay Dyeing And Manufacturing Company Limited
52,L17124MH1986PLC166615,INDO RAMA SYNTHETICS (INDIA) LIMITED,Indo Rama Synthetics (India) Limited
53,L17124MP1989PLC008255,MARAL OVERSEAS LIMITED,Maral Overseas Limited
54,L17229UP1994PLC017199,J. K. CEMENT LIMITED.,J. K. Cement Limited.
55,L17299GJ1972PLC011626,CAMPHOR AND ALLIED PRODUCTS LTD,Camphor And Allied Products Ltd
56,L17299WB1993PLC058969,DOLLAR INDUSTRIES LIMITED,Dollar Industries Limited
57,L18100AP1992PLC013860,KALLAM SPINNING MILLS LIMITED,Kallam Spinning Mills Ltd
58,L18101DL1970PLC005197,SRF LIMITED,Srf Limited
59,L18101MH1992PLC065136,KEWAL KIRAN CLOTHING LIMITED,Kewal Kiran Clothing Limited
60,L18101RJ1992PLC006952,MAYUR UNIQUOTERS LIMITED,Mayur Uniquoters Limited
61,L19201HR1986PLC033185,LIBERTY SHOES LIMITED,Liberty Shoes Limited
62,L20211AS1990PLC003484,GREENPLY INDUSTRIES LTD,Greenply Industries Ltd
63,L21010MH1945PLC010337,BALLARPUR INDUSTRIES LIMITED,Ballarpur Industries Limited
64,L21010MH1992PLC069527,METROGLOBAL LIMITED,Metroglobal Limited
65,L21012KL1991PLC006207,SREE SAKTHI PAPER MILLS LIMITED,Sree Sakthi Paper Mills Limited
66,L21012MH1964PLC013058,PUDUMJEE PULP AND PAPER MILLS LIMITED,Pudumjee Pulp And Paper Mills Limited
67,L21012PB1980PLC004329,SATIA INDUSTRIES LIMITED,Satia Industries Limited
68,L21012PB1997PLC035243,KUANTUM PAPERS LIMITED,Kuantum Papers Limited
69,L21090BR1918PLC000013,HINDUSTAN MEDIA VENTURES LIMITED,Hindustan Media Ventures Limited
70,L21098UP2012PLC048300,GENUS PAPER & BOARDS LIMITED,Genus Paper & Boards Limited
71,L21300WB1973PLC028854,INTERNATIONAL CONVEYORS LTD.,International Conveyors Ltd.
72,L22121DL2002PLC117874,HT MEDIA LIMITED,Ht Media Limited
73,L22200MH1984PLC034055,NAVNEET EDUCATION LIMITED,Navneet Education Limited
74,L22210MH1987PLC044505,TCPL PACKAGING LIMITED,Tcpl Packaging Limited
75,L22210MH1995PLC084781,TATA CONSULTANCY SERVICES LIMITED,Tata Consultancy Services Limited
76,L22213WB1946PLC014346,SAREGAMA INDIA LIMITED,Saregama India Limited
77,L23109MP1972PLC008290,HEG LIMITED,Heg Limited
78,L23109WB1973GOI028844,COAL INDIA LIMITED GOVT OF INDIA UNDERTAKING,Coal India Ltd Govt Of India Undertaking
79,L23209GJ1982PLC005062,PANAMA PETROCHEM LIMITED,Panama Petrochem Limited
80,L24100MH1960PLC011681,DAI-ICHI KARKARIA LIMITED,Dai-Ichi Karkaria Limited
81,L24110AP1981PLC003077,SREE RAYALASEEMA ALKALIES AND ALLIED CHEMICALS LTD,Sree Rayalaseema Alkalies And Allied Chemicals Ltd
82,L24110GJ1973PLC002247,GUJARAT ALKALIES AND CHEMICALS LIMITED,Gujarat Alkalies And Chemicals Limited
83,L24110GJ1986PLC009003,BODAL CHEMICALS LIMITED,Bodal Chemicals Limited
84,L24110MH1978GOI020185,RASHTRIYA CHEMICALS AND FERTILIZERS LIMITED,Rashtriya Chemicals And Fertilizers Limited
85,L24110MH1998PLC115499,NAVIN FLUORINE INTERNATIONAL LIMITED,Navin Fluorine International Limited
86,L24110TG1989PLC009713,SUVEN LIFE SCIENCES LIMITED,Suven Life Sciences Limited
87,L24110TG1991PLC012471,GRANULES INDIA LIMITED,Granules India Limited
88,L24110WB1960PLC024910,KANORIA CHEMICALS & INDUSTRIES LTD,Kanoria Chemicals & Industries Ltd
89,L24111MP1961PLC016023,NARMADA GELATINES LIMITED,Narmada Gelatines Limited
90,L24112PB1981PLC031099,OSWAL GREENTECH LIMITED,Oswal Greentech Limited
91,L24116AS1971SGC001339,ASSAM PETRO CHEMICALS LTD,Assam Petro Chemicals Ltd
92,L24117TN1976PLC007122,SHASUN PHARMACEUTICALS LIMITED,Shasun Pharmaceuticals Limited
93,L24118MH1976PLC136836,ANIK INDUSTRIES LIMITED,Anik Industries Limited
94,L24121MH1979PLC021360,DEEPAK FERTILISERS AND PETROCHEMICALS CORPORATION LTD,Deepak Fertilisers And Petrochemicals Corporation
95,L24132MP1996PLC011245,KRITI NUTRIENTS LIMITED,Kriti Nutrients Limited
96,L24133MH1996PLC197857,INTRASOFT TECHNOLOGIES LIMITED,Intrasoft Technologies Limited
97,L24200MH1947PLC006104,NOVARTIS INDIA LIMITED,Novartis India Limited
98,L24200MH1960PLC011807,EXCEL INDUSTRIES LIMITED,Excel Industries Limited
99,L24200MH1988PTC048028,HIKAL LIMITED,Hikal Limited
100,L24210MH1958PLC011173,BAYER CROPSCIENCE LIMITED,Bayer Cropscience Limited
101,L24211TN1975PLC006989,E.I.D PARRY (INDIA) LIMITED,E.I.D Parry (India) Limited
102,L24219GJ1985PLC025132,UPL LIMITED,Upl Limited
103,L24222PN1956PLC134746,ELANTAS BECK INDIA LIMITED,Elantas Beck India Limited
104,L24222WB1902PLC001540,SHALIMAR PAINTS LTD,Shalimar Paints Ltd
105,L24230GJ1972PLC002126,TORRENT PHARMACEUTICALS LTD,Torrent Pharmaceuticals Ltd
106,L24230GJ1983PLC006329,DISHMAN PHARMACEUTICALS AND CHEMICALS LIMITED,Dishman Pharmaceuticals And Chemicals Limited
107,L24230GJ1993PLC019050,SUN PHARMACEUTICAL INDUSTRIES LIMITED,Sun Pharmaceutical Industries Limited
108,L24230GJ1995PLC025878,CADILA HEALTHCARE LIMITED,Cadila Healthcare Limited
109,L24230MH1990PLC057062,STRIDES ARCOLAB LIMITED,Strides Shasun Limited
110,L24230TG1981PLC003201,NATCO PHARMA LIMITED,Natco Pharma Limited
111,L24231TN1936PLC000017,AMRUTANJAN HEALTH CARE LIMITED,Amrutanjan Health Care Limited
112,L24231TN1958PLC003647,TTK HEALTHCARE LIMITED,Ttk Healthcare Limited
113,L24231UP1980PLC004910,SUPERHOUSE LIMITED,Superhouse Limited
114,L24232PB1995PLC016664,NECTAR LIFE SCIENCES LIMITED,Nectar Life Sciences Limited
115,L24234KA1978PLC003417,BIOCON LIMITED,Biocon Limited
116,L24239MH1940PLC003176,FDC LIMITED,Fdc Limited
117,L24239MH1944PLC007330,ABBOTT INDIA LIMITED,Abbott India Limited
118,L24239MH1964PLC012971,PROCTER & GAMBLE HYGIENE AND HEALTH CARE LIMITED,Procter & Gamble Hygiene And Health Care Limited
119,L24239TG1986PLC015190,AUROBINDO PHARMA LTD,Aurobindo Pharma Ltd
120,L24240MH1952PLC008951,TRENT LIMITED,Trent Limited
121,L24246MH2000PLC129806,GODREJ CONSUMER PRODUCTS LIMITED,Godrej Consumer Products Limited
122,L24292TG1961PLC000876,GULF OIL CORPORATION LIMITED,Gocl Corporation Limited
123,L24292WB1954PLC021516,AKZO NOBEL INDIA LIMITED,Akzo Nobel India Limited
124,L24294PN1958PLC011052,FOSECO INDIA LIMITED,Foseco India Limited
125,L24294TN1986PLC013087,MANALI PETROCHEMICALS LIMITED,Manali Petrochemicals Limited
126,L24297TN1983PLC072409,CHEMFAB ALKALIS LIMITED,Chemfab Alkalis Limited
127,L24302RJ1976PLC001684,BANSWARA SYNTEX LTD,Banswara Syntex Ltd
128,L24304PN1965PLC139075,CENTURY ENKA LIMITED,Century Enka Limited
129,L24305RJ1986PLC016132,AKSH OPTIFIBRE LIMITED,Aksh Optifibre Limited
130,L24390MH1976PLC019380,J B CHEMICALS AND PHARMACEUTICALS LIMITED,J B Chemicals And Pharmaceuticals Limited
131,L25111TN1982PLC009414,TVS SRICHAKRA LIMITED,Tvs Srichakra Limited
132,L25119TZ2006PLC013144,ELGI RUBBER COMPANY LIMITED,Elgi Rubber Company Limited
133,L25200GJ1996PLC029134,ASTRAL POLY TECHNIK LIMITED,Astral Poly Technik Limited
134,L25200MH1968PLC013914,V I P INDUSTRIES LIMITED,V I P Industries Limited
135,L25200MH1981PLC025731,EPC INDUSTRIE LIMITED,Epc Industrie Limited
136,L25200MH1991PLC059943,PLASTIBLENDS INDIA LIMITED,Plastiblends India Limited
137,L25206MP1990PLC005732,KRITI INDUSTRIES (INDIA)LIMITED,Kriti Industries (India)Limited
138,L25209MH1976PLC018939,GARWARE WALL ROPES LIMITED,Garware Wall Ropes Limited
139,L25209PN1961PLC012046,BHARAT FORGE LTD,Bharat Forge Ltd
140,L25209UP1971PLC003444,KANPUR PLASTIPACK LIMITED,Kanpur Plastipack Limited
141,L26101MH1973PLC018367,SAINT-GOBAIN SEKURIT INDIA LIMITED,Saint-Gobain Sekurit India Limited
142,L26101WB1987PLC042512,LA OPALA R G LIMITED,La Opala R G Limited
143,L26910GJ1998PLC034400,CERA SANITARYWARE LIMITED,Cera Sanitaryware Limited
144,L26914MH1987PLC042283,ACRYSIL LIMITED,Acrysil Limited
145,L26941UP1983PLC027278,RADICO KHAITAN LIMITED,Radico Khaitan Limited
146,L26943RJ1979PLC001935,SHREE CEMENT LIMITED,Shree Cement Limited
147,L26943TN1965PLC005297,RAMCO INDUSTRIES LIMITED,Ramco Industries Limited
148,L27100GJ1986PLC009212,RAJOO ENGINEERS LIMITED,Rajoo Engineers Limited
149,L27100MH1973PLC016617,SARDA ENERGY & MINERALS LIMITED,Sarda Energy & Minerals Limited
150,L27100MH1984PLC034003,SUNFLAG IRON AND STEEL CO LTD,Sunflag Iron And Steel Co Ltd
151,L27100MH1985PLC140379,NATIONAL STEEL AND AGRO INDUSTRIES LIMITED,National Steel And Agro Industries Limited
152,L27100MH1999PLC121285,MAHINDRA CIE AUTOMOTIVE LIMITED,Mahindra Cie Automotive Limited
153,L27101OR1984PLC001354,BALASORE ALLOYS LIMITED,Balasore Alloys Limited
154,L27101PN1985PLC038031,PRAJ INDUSTRIES LIMITED,Praj Industries Limited
155,L27101PN1991PLC063223,KIRLOSKAR FERROUS INDUSTRIES LTD,Kirloskar Ferrous Industries Ltd
156,L27101WB1985PLC039503,MAITHAN ALLOYS LTD.,Maithan Alloys Ltd.
157,L27102MH1994PLC152925,JSW STEEL LIMITED,Jsw Steel Limited
158,L27102OR1982PLC001091,TATA SPONGE IRON LIMITED,Tata Sponge Iron Limited
159,L27104UP1984PLC023979,JINDAL SAW LIMITED,Jindal Saw Limited
160,L27106CT1999PLC013756,GODAWARI POWER AND ISPAT LIMITED,Godawari Power And Ispat Limited
161,L27107PB1985PLC006159,STEEL STRIPS WHEELS LTD,Steel Strips Wheels Ltd
162,L27109AP1975PLC001919,PENNAR INDUSTRIES LIMITED,Pennar Industries Limited
163,L27109KA1964PLC001546,KENNAMETAL INDIA LIMITED,Kennametal India Limited
164,L27109UP1963PLC002931,PTC INDUSTRIES LIMITED,Ptc Industries Limited
165,L27201WB1967GOI028825,HINDUSTAN COPPER LIMITED,Hindustan Copper Ltd
166,L27203RJ1971PLC003414,OM METALS INFRAPROJECTS LIMITED,Om Metals Infraprojects Limited
167,L27310TG1985PLC005423,SAMKRG PISTONS AND RINGS LIMITED,Samkrg Pistons And Rings Limited
168,L28113DL2010PLC210819,ORIENT REFRACTORIES LIMITED,Orient Refractories Limited
169,L28900MH1982PLC028535,KABRA EXTRUSION TECHNIK LIMITED,Kabra Extrusion Technik Ltd
170,L28990AP1978PLC002260,JOCIL LIMITED,Jocil Limited
171,L28991UP1975PLC004152,ROTO PUMPS LIMITED,Roto Pumps Limited
172,L29110UP1995PLC041834,TRIVENI TURBINE LIMITED,Triveni Turbine Limited
173,L29112PN1962PLC012276,CUMMINS INDIA LIMITED,Cummins India Limited
174,L29112PN1978PLC088972,KIRLOSKAR INDUSTRIES LIMITED,Kirloskar Industries Limited
175,L29113PN1920PLC000670,KIRLOSKAR BROTHERS LIMITED,Kirloskar Brothers Limited
176,L29120MH2005PLC156795,CAPITAL FIRST LIMITED,Capital First Limited
177,L29120TZ1960PLC000351,ELGI EQUIPMENTS LIMITED,Elgi Equipments Limited
178,L29130MH1961PLC012028,ABC BEARINGS LIMITED,Abc Bearings Limited
179,L29130MH1965PLC013251,NRB BEARINGS LIMITED (FULL FLEDGED PUBLIC CO),Nrb Bearings Limited (Full Fledged Public Co)
180,L29130PN1991PLC062352,MENON BEARINGS LIMITED,Menon Bearings Limited
181,L29130TN1961PLC004466,BIMETAL BEARINGS LIMITED,Bimetal Bearings Limited
182,L29142TN1992PLC021997,IGARASHI MOTORS INDIA LIMITED,Igarashi Motors India Limited
183,L29199GJ1974PLC002574,EIMCO ELECON (INDIA ) LIMITED,Eimco Elecon (India ) Limited
184,L29199HR1956PLC033107,TALBROS AUTOMOTIVE COMPONENTS LIMITED,Talbros Automotive Components Limited
185,L29219WB1985PLC055352,SREI INFRASTRUCTURE FINANCE LIMITED,Srei Infrastructure Finance Limited
186,L29253TG1983PLC004141,PITTI LAMINATIONS LIMITED,Pitti Laminations Limited
187,L29259GJ1960PLC001082,ELECON ENGINEERING COMPANY LIMITED,Elecon Engineering Company Limited
188,L29265WB1957PLC023379,WIRES AND FABRIKS (SA) LTD,Wires And Fabriks (Sa) Ltd
189,L29269TZ1962PLC000463,LAKSHMI MACHINE WORKS LIMITED,Lakshmi Machine Works Limited
190,L29299PN1980PLC022787,THERMAX LIMITED.,Thermax Limited.
191,L29299TN1987PLC058738,ESAB INDIA LIMITED,Esab India Limited
192,L29300GJ1984PLC007470,HITACHI HOME AND LIFE SOLUTIONS (INDIA ) LIMITED,Hitachi Home And Life Solutions (India ) Limited
193,L29308MH1954PLC009371,VOLTAS LIMITED,Voltas Limited
194,L29309TG1986PLC006714,SUJANA UNIVERSAL INDUSTRIES LIMITED,Sujana Universal Industries Limited
195,L30007KA1992PLC025294,MPHASIS LIMITED,Mphasis Limited
196,L31100GJ1967PLC001437,VOLTAMP TRANSFORMERS LIMITED,Voltamp Transformers Limited
197,L31102DL1957PLC193993,ALSTOM T AND D INDIA LIMITED,Alstom T & D India Limited
198,L31102MH1964PLC013011,EMCO LIMITED,Emco Limited
199,L31103TZ1990PLC002836,MAGNA ELECTRO CASTINGS LIMITED,Magna Electro Castings Limited
200,L31200GJ2004PLC044068,TORRENT POWER LIMITED,Torrent Power Limited
201,L31300DL1959PLC003141,HINDUSTHAN URBAN INFRASTRUCTURE LIMITED,Hindusthan Urban Infrastructure Limited
202,L31300MP1983PLC002134,VINDHYA TELELINKS LIMITED,Vindhya Telelinks Limited
203,L31300MP1992PLC007190,BIRLA ERICSSON OPTICAL LIMITED,Birla Ericsson Optical Limited
204,L31400GJ1972PLC002091,PANASONIC ENERGY INDIA COMPANY LIMITED,Panasonic Energy India Company Limited
205,L31402WB1947PLC014919,EXIDE INDUSTRIES LIMITED,Exide Industries Limited
206,L31500MH1938PLC009887,BAJAJ ELECTRICALS LIMITED,Bajaj Electricals Limited
207,L31500UP1991PLC012944,PHOENIX LAMPS LIMITED,Phoenix Lamps Limited
208,L31900DL1983PLC016304,HAVELLS INDIA LIMITED,Havells India Limited
209,L31901WB1978PLC031411,CESC LTD,Cesc Ltd
210,L31909MH1981PLC025519,LUMAX AUTO TECHNOLOGIES LIMITED,Lumax Auto Technologies Limited
211,L31909TN1972PLC006196,INDO- NATIONAL LIMITED,Indo- National Limited
212,L33121GJ1994PLC022460,TRANSFORMERS AND RECTIFIERS (INDIA) LIMITED,Transformers And Rectifiers (India) Limited
213,L34101HR1985PLC020934,MUNJAL SHOWA LIMITED,Munjal Showa Limited
214,L34101PN1961PLC015735,GABRIEL INDIA LIMITED,Gabriel India Limited
215,L34300DL2005PLC139163,SHIVAM AUTOTECH LIMITED,Shivam Autotech Limited
216,L35920MH1942PLC003554,THE SUPREME INDUSTRIES LIMITED,The Supreme Industries Limited
217,L35999TN1962PLC004792,SUNDARAM -CLAYTON LIMITED,Sundaram -Clayton Limited
218,L35999TN1962PLC004943,SUNDRAM FASTENERS LIMITED,Sundram Fasteners Limited
219,L36911KA1995PLC017077,RAJESH EXPORTS LIMITED,Rajesh Exports Limited
220,L36911RJ1989PLC004945,VAIBHAV GLOBAL LIMITED,Vaibhav Global Limited
221,L36912WB1936PLC008588,INTERNATIONAL COMBUSTION (INDIA) LTD,International Combustion (India) Ltd
222,L36991WB1994PLC065583,LINC PEN AND PLASTICS LIMITED,Linc Pen & Plastics Ltd
223,L36999HR1990PLC041175,ARCHIES LIMITED,Archies Limited
224,L36999KA1999PLC025195,UNITED BREWERIES LIMITED,United Breweries Limited
225,L40100GJ1981PLC004281,KALPATARU POWER TRANSMISSION LIMITED,Kalpataru Power Transmission Limited
226,L40101DL1969GOI005095,RURAL ELECTRIFICATION CORPORATION LIMITED,Rural Electrification Corporation Limited
227,L40101DL1975GOI007966,NTPC LIMITED,Ntpc Limited
228,L40101DL1989GOI038121,POWER GRID CORPORATION OF INDIA LIMITED,Power Grid Corporation Of India Limited
229,L40101HP1994PLC015483,JAIPRAKASH POWER VENTURES LIMITED,Jaiprakash Power Ventures Limited
230,L40101MH1995PLC084687,RELIANCE POWER LIMITED,Reliance Power Limited
231,L40108PN1981PLC024153,FINOLEX INDUSTRIES LIMITED,Finolex Industries Limited
232,L40200GJ1998SGC035188,GUJARAT STATE PETRONET LIMITED,Gujarat State Petronet Limited
233,L45101DL1967PLC004759,ANSAL PROPERTIES AND INFRASTRUCTURE LIMITED,Ansal Properties And Infrastructure Limited
234,L45101DL2006PLC148314,INDIABULLS REAL ESTATE LIMITED,Indiabulls Real Estate Limited
235,L45200GJ1988PLC011049,SUMEET INDUSTRIES LIMITED,Sumeet Industries Limited
236,L45200GJ1991PLC015817,GANESH HOUSING CORPORATION LIMITED,Ganesh Housing Corporation Limited
237,L45200KA1986PLC051571,PURAVANKARA PROJECTS LIMITED,Puravankara Projects Limited
238,L45200MH1989PLC050688,HUBTOWN LIMITED,Hubtown Limited
239,L45200MH2005PLC152061,KEC INTERNATIONAL LIMITED,Kec International Limited
240,L45201DL1983PLC016821,ANSAL HOUSING AND CONSTRUCTION LIMITED,Ansal Housing And Construction Limited
241,L45201DL1983PLC017225,ANSAL BUILDWELL LIMITED,Ansal Buildwell Limited
242,L45202PB2006PLC029968,NAHAR CAPITAL AND FINANCIAL SERVICES LIMITED,Nahar Capital And Financial Services Limited
243,L45203MH2008PLC178061,KESAR TERMINALS & INFRASTRUCTURE LIMITED,Kesar Terminals & Infrastructure Limited
244,L45204AP2001PLC057199,KSK ENERGY VENTURES LIMITED,Sk E&C; India Private Limited
245,L45205TN1995PLC030231,VA TECH WABAG LIMITED,Va Tech Wabag Limited
246,L51100GJ1993PLC019067,ADANI ENTERPRISES LIMITED,Adani Enterprises Limited
247,L51109UP1987PLC009090,GANESHA ECOSPHERE LIMITED,Ganesha Ecosphere Limited
248,L51109WB1974PLC029637,IFB INDUSTRIES LTD,Ifb Industries Ltd
249,L51109WB1981PLC034212,BMW INDUSTRIES LIMITED,Bmw Industries Limited
250,L51226MH1983PLC165499,WINRO COMMERCIAL (INDIA) LTD,Winro Commercial (India) Ltd
251,L51491PB1990PLC019212,VARDHMAN ACRYLICS LIMITED,Vardhman Acrylics Limited
252,L51496GA1988PLC000915,I G PETROCHEMICALS LIMITED,I G Petrochemicals Limited
253,L51504WB1978PLC031813,MAGMA FINCORP LIMITED,Magma Fincorp Limited
254,L51900MH1985PLC036896,HINDUJA VENTURES LIMITED,Hinduja Ventures Limited
255,L51909DL1963GOI004033,MMTC LIMITED,Mmtc Limited
256,L51909GJ1994PLC022719,NANDAN DENIM LIMITED,Nandan Denim Limited
257,L51909MH1982PLC143066,PODDAR DEVELOPERS LIMITED,Poddar Housing And Development Limited
258,L51909UP1992PLC051997,GENUS POWER INFRASTRUCTURES LIMITED,Genus Power Infrastructures Limited
259,L52190DL2005PLC181536,STORE ONE RETAIL INDIA LIMITED,Store One Retail India Limited
260,L52322MH1995PLC090643,MORARJEE TEXTILES LIMITED,Morarjee Textiles Limited
261,L55100GJ1999PLC036830,TGB BANQUETS AND HOTELS LIMITED,Tgb Banquets And Hotels Limited
262,L55101DL1980PLC011037,ASIAN HOTELS (NORTH) LIMITED,Asian Hotels (North) Limited
263,L55101DL2007PLC157518,ASIAN HOTELS (WEST) LIMITED,Asian Hotels (West) Limited
264,L55101KA1979PLC003620,MAC CHARLES (INDIA) LIMITED,Mac Charles (India) Limited
265,L63010GJ1992PLC018106,GUJARAT PIPAVAV PORT LIMITED,Gujarat Pipavav Port Limited
266,L63010MH2004PLC073508,ALLCARGO LOGISTICS LIMITED,Allcargo Logistics Limited
267,L63011DL1988GOI030915,CONTAINER CORPORATION OF INDIA LIMITED,Container Corporation Of India Limited
268,L63011TG1995PLC020121,GATI LIMITED,Gati Limited
269,L64202TN1998PLC066604,SQS INDIA BFSI LIMITED,Sqs India Bfsi Limited
270,L65110GJ1993PLC020769,AXIS BANK LIMITED,Axis Bank Limited
271,L65110JK1938SGC000048,JAMMU AND KASHMIR BANK LIMITED,Jammu And Kashmir Bank Limited
272,L65110MH1985PLC038137,KOTAK MAHINDRA BANK LIMITED,Kotak Mahindra Bank Limited
273,L65190GJ1994PLC021012,ICICI BANK LIMITED,Icici Bank Limited
274,L65191KL1929PLC001017,THE SOUTH INDIAN BANK LIMITED,The South Indian Bank Limited
275,L65191PN1994PLC076333,INDUSIND BANK LIMITED,Indusind Bank Ltd.
276,L65191TN1954PLC002429,SUNDARAM FINANCE LIMITED,Sundaram Finance Limited
277,L65191TN1979PLC007874,SHRIRAM TRANSPORT FINANCE COMPANY LIMITED,Shriram Transport Finance Company Limited
278,L65191TN1986PLC012840,SHRIRAM CITY UNION FINANCE LIMITED,Shriram City Union Finance Limited
279,L65191TN1997PLC037415,IDFC LIMITED,Idfc Limited
280,L65910DL1986GOI024862,POWER FINANCE CORPORATION LIMITED,Power Finance Corporation Limited
281,L65910DL1989PLC034812,TOURISM FINANCE CORPORATION OF INDIA LIMITED,Tourism Finance Corporation Of India Limited
282,L65910GJ1995PLC024091,TIRUPATI SARJAN LIMITED,Tirupati Sarjan Limited
283,L65910KL1992PLC006623,MANAPPURAM FINANCE LIMITED,Manappuram Finance Limited
284,L65910KL1997PLC011300,MUTHOOT FINANCE LIMITED,Muthoot Finance Limited
285,L65910MH1983PLC030083,SATRA PROPERTIES (INDIA) LIMITED,Satra Properties (India) Limited
286,L65910MH1987PLC042961,BAJAJ FINANCE LIMITED,Bajaj Finance Limited
287,L65910TG1973PLC031293,TCI FINANCE LIMITED,Tci Finance Limited
288,L65921MH1991PLC059642,MAHINDRA AND MAHINDRA FINANCIAL SERVICES LIMITED,Mahindra And Mahindra Financial Services Limited
289,L65921TN1985PLC049092,LANCOR HOLDINGS LIMITED,Lancor Holdings Limited
290,L65921WB1979PLC032200,ADHUNIK INDUSTRIES LIMITED,Adhunik Industries Limited
291,L65922DL2005PLC136029,INDIABULLS HOUSING FINANCE LIMITED,Indiabulls Housing Finance Limited
292,L65923GJ1986PLC008809,GRUH FINANCE LIMITED,Gruh Finance Limited
293,L65990MH1913PLC000374,INDUSTRIAL AND PRUDENTIAL INVESTMENT COMPANY LIMITED,Industrial And Prudential Investment Company Limited
294,L65990MH1945PLC004558,MAHINDRA AND MAHINDRA LIMITED,Mahindra And Mahindra Limited
295,L65990MH1984PLC032831,LKP FINANCE LIMITED,Lkp Finance Limited
296,L65990MH1984PLC033878,RUCHI INFRASTRUCTURE LIMITED,Ruchi Infrastructure Limited
297,L65990MH1990PLC056669,VAKRANGEE LIMITED,Vakrangee Limited
298,L65991TN1936PLC001428,BEARDSELL LIMITED,Beardsell Limited
299,L65991TN1954PLC000958,INDIA MOTOR PARTS AND ACCESSORIES LIMITED,India Motor Parts & Accessories Limited
300,L65993PN2007PLC130076,BAJAJ AUTO LIMITED.,Bajaj Auto Limited.
301,L65993TN1978PLC007576,CHOLAMANDALAM INVESTMENT AND FINANCE COMPANY LIMITED,Cholamandalam Investment And Finance Company Limited
302,L65993TN1993PLC024142,POLARIS CONSULTING & SERVICES LIMITED,Polaris Consulting & Services Limited
303,L65999PN2009PLC133794,KIRLOSKAR BROTHERS INVESTMENTS LIMITED,Kirloskar Brothers Investments Limited
304,L67120KL1994PLC007726,MUTHOOT CAPITAL SERVICES LIMITED,Muthoot Capital Services Limited
305,L67120MH2001PLC217751,JSW HOLDINGS LIMITED,Jsw Holdings Limited
306,L67120RJ1951PLC045966,JK TYRE & INDUSTRIES LIMITED,Jk Tyre & Industries Limited
307,L67190MH2005PLC153397,MOTILAL OSWAL FINANCIAL SERVICES LIMITED,Motilal Oswal Financial Services Limited
308,L67200MH1937PLC002622,TATA INVESTMENT CORPORATION LIMITED,Tata Investment Corporation Limited
309,L70100MH1951PLC008647,ADOR WELDING LIMITED,Ador Welding Limited
310,L70100MH1977PLC019916,HOUSING DEVELOPMENT FINANCE CORPORATION LIMITED,Housing Development Finance Corporation Limited
311,L70101HR1963PLC002484,DLF LIMITED,Dlf Limited
312,L70109GJ1983PLC006460,RATNAMANI METALS AND TUBES LIMITED,Ratnamani Metals And Tubes Limited
313,L72200AP1990PLC011146,NCC LIMITED,Ncc Limited
314,L72200MH1994PLC077342,GEOMETRIC LIMITED,Geometric Limited
315,L72200MH1994PLC082110,SONATA SOFTWARE LIMITED,Sonata Software Limited
316,L72200PN1963PLC012621,ZENSAR TECHNOLOGIES LIMITED,Zensar Technologies Limited
317,L72200PN1988PLC068972,INDO COUNT INDUSTRIES LIMITED,Indo Count Industries Limited
318,L72200PN1990PLC059594,KPIT TECHNOLOGIES LIMITED,Kpit Technologies Limited
319,L72200TG1991PLC013134,CYIENT LIMITED,Cyient Limited
320,L72200WB1987PLC043375,R S SOFTWARE (INDIA) LTD.,R S Software (India) Ltd.
321,L74100MH1993PLC075361,CAMLIN FINE SCIENCES LIMITED,Camlin Fine Sciences Limited
322,L74120MH1985PLC035308,GODREJ PROPERTIES LIMITED,Godrej Properties Limited
323,L74140DL1991PLC046369,HCL TECHNOLOGIES LIMITED,Hcl Technologies Limited
324,L74140MH1992PLC068379,ALSTOM INDIA LIMITED,Alstom India Limited
325,L74140PN1982PLC026933,MITCON CONSULTANCY AND ENGINEERING SERVICES LIMITED,Mitcon Consultancy & Engineering Services Limited
326,L74140WB1996PLC081521,SHALIMAR WIRES INDUSTRIES LIMITED,Shalimar Wires Industries Limited
327,L74210DL1995PLC238364,KNR CONSTRUCTIONS LIMITED,Knr Constructions Limited
328,L74899DL1956GOI002674,THE STATE TRADING CORPORATION OF INDIA LIMITED,The State Trading Corporation Of India Limited
329,L74899DL1964GOI004281,BHARAT HEAVY ELECTRICALS LIMITED,Bharat Heavy Electricals Limited
330,L74899DL1971PLC009720,UNITECH LIMITED,Unitech Limited
331,L74899DL1978PLC009038,INDAG RUBBER LIMITED,Indag Rubber Limited
332,L74899DL1984PLC019492,VARDHMAN INDUSTRIES LIMITED,Vardhman Industries Limited
333,L74899DL1988PLC032166,UFLEX LIMITED,Uflex Limited
334,L74899DL1989PLC034594,NUCLEUS SOFTWARE EXPORTS LIMITED,Nucleus Software Exports Limited
335,L74899DL1989PLC034923,DCM SHRIRAM LIMITED,Dcm Shriram Limited
336,L74899DL1992PLC050333,MINDA INDUSTRIES LIMITED,Minda Industries Limited
337,L74899DL1994PLC057410,INTEC CAPITAL LIMITED,Intec Capital Limited
338,L74899DL1995PLC070609,BHARTI AIRTEL LIMITED,Bharti Airtel Limited
339,L74899DL1996PLC083073,JBM AUTO LIMITED,Jbm Auto Limited
340,L74899HR1944PLC039088,ESCORTS LIMITED,Escorts Limited
341,L74899HR1962PLC002618,FRICK INDIA LIMITED,Frick India Limited
342,L74899UP1995PLC043677,JUBILANT FOODWORKS LIMITED,Jubilant Foodworks Limited
343,L74999AP1991PLC013391,LANCO INDUSTRIES LIMITED,Srikalahasthi Pipes Limited
344,L74999MH1934PLC002093,EVEREST INDUSTRIES LIMITED,Everest Industries Limited
345,L74999MH1964PLC012878,EXCEL CROP CARE LTD,Excel Crop Care Ltd
346,L74999MH1989PLC052384,ROLTA INDIA LIMITED,Rolta India Limited
347,L74999MH1994PLC077041,JSW ENERGY LIMITED,Jsw Energy Limited
348,L74999MH1995PLC085878,SOLAR INDUSTRIES INDIA LIMITED,Solar Industries India Limited
349,L74999TN1972PLC006127,RANE ENGINE VALVE LIMITED,Rane Engine Valve Limited
350,L80101MH2006PLC163028,TREE HOUSE EDUCATION & ACCESSORIES LIMITED,Tree House Education & Accessories Limited
351,L85110KA1951PLC000761,BOSCH LIMITED,Bosch Limited
352,L85110KA1954PLC000759,THE SANDUR MANGANESE AND IRON ORES LIMITED,The Sandur Manganese And Iron Ores Limited
353,L85110KA1980PLC003913,WENDT INDIA LIMITED,Wendt India Limited
354,L85110KA1981PLC013115,INFOSYS LIMITED,Infosys Limited
355,L85110KA1989PLC009968,TATA ELXSI LIMITED,Tata Elxsi Limited
356,L85110KA1992PLC013421,ASM TECHNOLOGIES LIMITED,Asm Technologies Limited
357,L85110KA1993PLC013869,CENTUM ELECTRONICS LIMITED,Centum Electronics Limited
358,L85110TN1979PLC008035,APOLLO HOSPITALS ENTERPRISE LIMITED,Apollo Hospitals Enterprise Limited
359,L85110TZ1955PLC015049,TTK PRESTIGE LIMITED,Ttk Prestige Limited
360,L85190MH1947PLC005913,INDOCO REMEDIES LIMITED,Indoco Remedies Limited
361,L91110GJ1989PLC012802,APAR INDUSTRIES LIMITED,Apar Industries Limited
362,L92140MH1999PLC120516,ENTERTAINMENT NETWORK (INDIA) LIMITED,Entertainment Network (India) Limited
363,L92199MH1995PLC084610,HINDUJA GLOBAL SOLUTIONS LIMITED,Hinduja Global Solutions Limited
364,L99999GJ1985PLC007868,GUJARAT INDUSTRIES POWER COMPANY LTD.,Gujarat Industries Power Company Ltd.
365,L99999MH1929PLC001530,RELIANCE INFRASTRUCTURE LIMITED,Reliance Infrastructure Limited
366,L99999MH1961PLC012003,NOCIL LIMITED,Nocil Limited
367,L99999MH1961PLC012185,BALKRISHNA INDUSTRIES LIMITED,Balkrishna Industries Limited
368,L99999MH1962PLC012451,UNICHEM LABORATORIES LIMITED,Unichem Laboratories Limited
369,L99999MH1986PLC039199,APCOTEX INDUSTRIES LIMITED,Apcotex Industries Limited
370,L99999MH1988PLC047408,MAN INDUSTRIES (INDIA) LIMITED,Man Industries (India) Limited
371,L99999MH1994PLC076236,ASTEC LIFESCIENCES LIMITED,Astec Lifesciences Limited
372,L99999MH1994PLC080502,EROS INTERNATIONAL MEDIA LIMITED,Eros International Media Limited
373,L99999PB1990PLC010307,TRIDENT LIMITED,Trident Limited
374,U00305MH1973PLC174201,ALKEM LABORATORIES LIMITED,Alkem Laboratories Limited
375,U01119AP1992PLC014205,UNICORN NATURAL PRODUCTS LIMITED,Unicorn Natural Products Limited
376,U01119KL1976SGC002799,REHABILITATION PLANTATIONS LIMITED,Rehabilitation Plantations Limited
377,U01132GJ1980PLC003946,GUJARAT TEA PROCESSORS AND PACKERS LIMITED,Gujarat Tea Processors And Packers Limited
378,U01132WB2007PTC112852,AMALGAMATED PLANTATIONS PRIVATE LIMITED,Amalgamated Plantations Private Limited
379,U01200MH1976SGC018990,MAHARASHTRA STATE SEEDS CORPORATION LIMITED,Maharashtra State Seeds Corporation Limited
380,U01409KA2000PTC026862,QED AGRO SYSTEMS PRIVATE LIMITED,Qed Agro Systems Private Limited
381,U02001UP1998PTC023350,SHUBHAM GOLDIEE MASALE PRIVATE LIMITED,Shubham Goldiee Masale Private Limited
382,U02520TZ1981PTC001107,PREMIER EVOLVICS PRIVATE LIMITED,Premier Evolvics Private Limited
383,U02520TZ1990PLC002987,ROOTS INDUSTRIES INDIA LIMITED,Roots Industries India Limited
384,U02692MP2005PLC017865,CALDERYS INDIA REFRACTORIES LIMITED,Calderys India Refractories Limited
385,U05001TN1974SGC006597,TAMILNADU FISHERIES DEVELOPMENT CORPORATION LIMITED,Tamilnadu Fisheries Development Corporation Limited
386,U05005TG1995PLC021217,OCEAN SPARKLE LIMITED,Ocean Sparkle Limited
387,U10101WB2009PTC132132,JMS MINING SERVICES PRIVATE LIMITED,Jms Mining Services Private Limited
388,U10102CT1985GOI003161,SOUTH EASTERN COALFIELDS LIMITED,South Eastern Coalfields Limited
389,U10102MP1985GOI003160,NORTHERN COALFIELDS LIMITED,Northern Coalfields Limited
390,U13100MH1961PLC012160,MSPL LIMITED,Mspl Limited
391,U13100RJ1969SGC001263,RAJASTHAN STATE INDUSTRIAL DEVELOPMENT AND INVESTMENT CORPORATION LTD,Rajasthan State Industrial Development And Investm
392,U14210TN1978SGC007488,TAMILNADU MINERALS LIMITED,Tamilnadu Minerals Limited
393,U14219TN1955PLC000961,INDIAN POTASH LIMITED,Indian Potash Limited
394,U14220GA1996PTC002176,CHOWGULE AND COMPANY (SALT) PRIVATE LIMITED,Chowgule And Company (Salt) Private Limited
395,U14293WB1947PLC015833,VARDHAN LTD.,Vardhan Ltd.
396,U15142TN2004PTC068598,KOG-KTV FOOD PRODUCTS (INDIA) PRIVATE LIMITED,Kog-Ktv Food Products (India) Private Limited
397,U15146GJ1999PLC035320,ADANI WILMAR LIMITED,Adani Wilmar Limited
398,U15201TG1986PLC006912,CREAMLINE DAIRY PRODUCTS LTD.,Creamline Dairy Products Ltd.
399,U15201WB2002PTC191511,BRITANNIA DAIRY PRIVATE LIMITED,Britannia Dairy Private Limited
400,U15202MH1997PTC111257,NOVARTIS HEALTHCARE PRIVATE LIMITED,Novartis Healthcare Private Limited
401,U15326GJ2010PTC062115,ROQUETTE RIDDHI SIDDHI PRIVATE LIMITED,Roquette Riddhi Siddhi Private Limited
402,U15332PN2002PTC016680,B.V. BIO-CORP PRIVATE LIMITED,B.V. Bio-Corp Private Limited
403,U15410GJ1998PTC034391,DEEPKIRAN FOODS PRIVATE LIMITED,Deepkiran Foods Private Limited
404,U15410MH1991PLC135359,GODREJ AGROVET LIMITED,Godrej Agrovet Limited
405,U15412MH1974PTC017797,PARLE BISCUITS PRIVATE LIMITED,Parle Biscuits Private Limited
406,U15412WB1993PLC060191,ANMOL BISCUITS LTD,Anmol Biscuits Ltd
407,U15495KL1984PTC004002,HERBAL ISOLATES PVT LTD,Herbal Isolates Pvt Ltd
408,U15499TN1992PLC023544,TAFE ACCESS LIMITED,Tafe Access Limited
409,U16009UP2007PLC033152,PAN PARAG INDIA LIMITED,Pan Parag India Limited
410,U17110MH1938PTC010292,JAMNALAL SONS PRIVATE LIMITED,Jamnalal Sons Private Limited
411,U17111TZ1945PTC000146,PREMIER SPG AND WVG MILLS PRIVATE LIMITED,Premier Spg And Wvg Mills Private Limited
412,U17111TZ1974PLC000712,LAKSHMI RING TRAVELLERS (COIMBATORE) LIMITED,Lakshmi Ring Travellers (Coimbatore) Limited
413,U17111TZ1976PTC000755,SREE NARASIMHA TEXTILES PRIVATE LIMITED,Sree Narasimha Textiles Private Limited
414,U17111TZ1987PTC001972,PRIMA PRODUCTS PRIVATE LIMITED,Prima Products Private Limited
415,U17111TZ1994PTC005511,PREMIER MILLS PRIVATE LIMITED,Premier Mills Private Limited
416,U17117PB1990PLC014070,VMT SPINNING COMPANY LIMITED,Vmt Spinning Company Limited
417,U17120MH1926PTC001265,BACHHRAJ FACTORIES PRIVATE LIMITED,Bachhraj Factories Private Limited
418,U17120MH2007PLC173993,GRASIM BHIWANI TEXTILES LIMITED,Grasim Bhiwani Textiles Limited
419,U17122WB1991PLC053828,INFINITY INFOTECH PARKS LIMITED,Infinity Infotech Parks Limited
420,U17200DL2008PLC179117,SHINGORA TEXTILES LIMITED,Shingora Textiles Limited
421,U17219TZ1960PTC000343,LAKSHMI CARD CLOTHING MFG. COMPANY PRIVATE LIMITED,Lakshmi Card Clothing Mfg. Company Private Limited
422,U17226UP1932PTC000475,OBEETEE PRIVATE LIMITED,Obeetee Private Limited
423,U17230PB2005PLC027936,VARDHMAN YARNS AND THREADS LIMITED,Vardhman Yarns And Threads Limited
424,U17297GJ2004PTC044479,GUJARAT POLYFILMS PRIVATE LIMITED,Gujarat Polyfilms Private Limited
425,U18100AP1983PTC004085,AMARAVATHI TEXTILES PVT LTD,Amaravathi Textiles Pvt Ltd
426,U18100MH2002PTC136468,BIBA APPARELS PRIVATE LIMITED,Biba Apparels Private Limited
427,U18101DL2002PTC113704,ORIENT FASHION EXPORTS (INDIA) PRIVATE LIMITED,Orient Fashion Exports (India) Private Limited
428,U18101MH1927PTC001298,BACHHRAJ AND COMPANY PRIVATE LIMITED,Bachhraj And Company Private Limited
429,U18101MH1994PTC083056,TROPICAL CLOTHING COMPANY PRIVATE LIMITED,Tropical Clothing Company Private Limited
430,U18101RJ1996PTC012501,BMD PRIVATE LIMITED,Bmd Private Limited
431,U18101TZ2001PTC009707,J G HOSIERY PRIVATE LIMITED,J G Hosiery Private Limited
432,U18209TN1977PTC007377,A V THOMAS LEATHER & ALLIED PRODUCTS PRIVATE LIMITED,A V Thomas Leather & Allied Products Private Limited
433,U19110TN1979PTC007701,LEATHER CRAFTS (INDIA) PRIVATE LIMITED,Leather Crafts (India) Private Limited
434,U20299WB1994PLC064386,MERINO PANEL PRODUCTS LTD,Merino Panel Products Ltd
435,U21000MH2007PLC172382,BILT GRAPHIC PAPER PRODUCTS LIMITED,Bilt Graphic Paper Products Limited
436,U21010MH2005PLC153451,GAYATRISHAKTI PAPER & BOARDS LIMITED,Gayatrishakti Paper & Boards Limited
437,U21019WB1995PLC071252,SOUTH CITY PROJECTS (KOLKATA) LIMITED,South City Projects (Kolkata) Limited
438,U22110KA1948PTC000521,THE PRINTERS (MYSORE) PRIVATE LIMITED,The Printers (Mysore) Private Limited
439,U22120MH1913PLC000391,BENNETT COLEMAN AND COMPANY LIMITED,Bennett Coleman And Company Limited
440,U22121KL1889PLC000647,THE MALAYALA MANORAMA CO LTD,The Malayala Manorama Co Ltd
441,U22121PN1948PTC006177,SAKAL PAPERS PRIVATE LIMITED,Sakal Papers Private Limited
442,U22122TN1999PTC042550,TNQ BOOKS & JOURNALS PRIVATE LIMITED,Tnq Books & Journals Private Limited
443,U23200DL2005PLC213430,GREEN INFRA WIND ENERGY LIMITED,Green Infra Wind Energy Limited
444,U23201KA1997PLC032964,GMR VEMAGIRI POWER GENERATION LIMITED,Gmr Vemagiri Power Generation Limited
445,U24100DL1993PLC052285,DHANUKA LABORATORIES LIMITED,Dhanuka Laboratories Limited
446,U24100MH1978PTC020113,NAVDEEP CHEMICALS PRIVATE LIMITED,Navdeep Chemicals Private Limited
447,U24100MH2004PTC149240,HARDCASTLE PETROFER PRIVATE LIMITED,Hardcastle Petrofer Private Limited
448,U24110GJ2005PLC045564,RUDOLF ATUL CHEMICALS LIMITED,Rudolf Atul Chemicals Limited
449,U24110MH1967PLC013688,GHARDA CHEMICALS LIMITED,Gharda Chemicals Limited
450,U24110MH1993PLC070713,INDOFIL INDUSTRIES LIMITED,Indofil Industries Limited
451,U24110TG1988PLC008346,SAPTAGIR CAMPHOR LIMITED,Saptagir Camphor Limited
452,U24111TG1988PLC009231,ANDHRA PRADESH GAS POWER CORPORATION LIMITED,Andhra Pradesh Gas Power Corporation Limited
453,U24114PN2003PTC018532,CLEAN SCIENCE AND TECHNOLOGY PRIVATE LIMITED,Clean Science And Technology Private Limited
454,U24117TN1952PLC005704,DELPHI-TVS DIESEL SYSTEMS LIMITED,Delphi-Tvs Diesel Systems Limited
455,U24120MH1999PLC121009,RELIANCE VENTURES LIMITED,Reliance Ventures Limited
456,U24129OR1981PLC001020,PARADEEP PHOSPHATES LTD,Paradeep Phosphates Ltd
457,U24130MH1994PLC142451,GARWARE BESTRETCH LIMITED,Garware Bestretch Limited
458,U24200MH1989PLC051018,ADVANCED ENZYME TECHNOLOGIES LIMITED,Advanced Enzyme Technologies Limited
459,U24210KA1972PLC002255,PROMAC ENGINEERING INDUSTRIES LIMITED,Promac Engineering Industries Limited
460,U24210PN2000PLC135336,SYNGENTA INDIA LIMITED,Syngenta India Limited
461,U24230MH2004PLC149397,BIOCHEM PHARMACEUTICAL INDUSTRIES LIMITED PART IX,Biochem Pharmaceutical Industries Limited Part Ix
462,U24230MH2004PTC145390,SYNERGIA LIFE SCIENCES PRIVATE LIMITED,Synergia Life Sciences Private Limited
463,U24231DL2003PLC119441,FRESENIUS KABI ONCOLOGY LIMITED,Fresenius Kabi Oncology Limited
464,U24231GJ1985PLC007866,INTAS PHARMACEUTICALS LIMITED,Intas Pharmaceuticals Limited
465,U24231GJ1988PLC011091,AMBUJA INTERMEDIATES LIMITED,Ambuja Intermediates Limited
466,U24231GJ1991PLC015132,CADILA PHARMACEUTICALS LIMITED,Cadila Pharmaceuticals Limited
467,U24231KA1981GOI004145,KARNATAKA ANTIBIOTICS AND PHARMACEUTICALS LIMITED,Karnataka Antibiotics And Pharmaceuticals Limited
468,U24231MH1974PTC017243,AQUAPHARM CHEMICALS PRIVATE LIMITED,Aquapharm Chemicals Private Limited
469,U24231PN1981PLC024251,EMCURE PHARMACEUTICALS LIMITED,Emcure Pharmaceuticals Limited
470,U24231TZ2006PTC013159,GLOBION INDIA PRIVATE LIMITED,Globion India Private Limited
471,U24232DL2004PTC131232,LIFESTAR PHARMA PRIVATE LIMITED,Lifestar Pharma Private Limited
472,U24232MP2002PTC015293,SYMBIOTEC PHARMALAB PRIVATE LIMITED,Symbiotec Pharmalab Private Limited
473,U24233WB2002PLC094530,EMAMI AGROTECH LIMITED,Emami Agrotech Limited
474,U24239AP2005PTC047518,LAURUS LABS PRIVATE LIMITED,Laurus Labs Private Limited
475,U24239DL2006PTC144368,OTSUKA CHEMICAL (INDIA) PRIVATE LIMITED,Otsuka Chemical (India) Private Limited
476,U24239MH1953PTC029952,BAJAJ SEVASHRAM PRIVATE LIMITED,Bajaj Sevashram Private Limited
477,U24239MH1971PTC015282,UNIVERSAL MEDICARE PRIVATE LIMITED,Universal Medicare Private Limited
478,U24240GJ1980PLC003670,NIRMA LIMITED,Nirma Limited
479,U24292KA1989PTC023435,SUA EXPLOSIVES ANDACCESSORIES PRIVATE LIMITED,Sua Explosives Andaccessories Private Limited
480,U24292MH1995PLC091808,ECONOMIC EXPLOSIVES LIMITED,Economic Explosives Limited
481,U24292TG1970GOI001353,BHARAT DYNAMICS LIMITED,Bharat Dynamics Limited
482,U24297MH1991PTC248032,LUBRIZOL ADVANCED MATERIALS INDIA PRIVATE LIMITED,Lubrizol Advanced Materials India Private Limited
483,U24298TN2009PTC072270,ARCHEAN CHEMICAL INDUSTRIES PRIVATE LIMITED,Archean Chemical Industries Private Limited
484,U24299HR1962PLC007739,HINDUSTAN GUM AND CHEMICALS LIMITED,Hindustan Gum And Chemicals Limited
485,U24299HR1998PTC034086,E I DUPONT INDIA PRIVATE LIMITED,E I Dupont India Private Limited
486,U24299KL1970PLC002294,SYNTHITE INDUSTRIES LIMITED,Synthite Industries Limited
487,U25100MH1981PLC023895,PODDAR TYRES LIMITED,Poddar Tyres Limited
488,U25111KA1981PLC004112,MYSORE POLYMERS AND RUBBER PRODUCTS LIMITED,Mysore Polymers And Rubber Products Limited
489,U25111MH2007PTC172456,ATC TIRES PRIVATE LIMITED,Atc Tires Private Limited
490,U25114TZ2010PLC016201,TREADSDIRECT LIMITED,Treadsdirect Limited
491,U25193KL1966GOI002621,HLL LIFECARE LIMITED,Hll Lifecare Limited
492,U25199KL1997PTC024585,MIDAS TREADS (INDIA) PRIVATE LIMITED,Midas Treads (India) Private Limited
493,U25209MH1995PTC090037,VARROC POLYMERS PRIVATE LIMITED,Varroc Polymers Private Limited
494,U25209RJ2005PTC020449,HARMONY PLASTICS PRIVATE LIMITED,Harmony Plastics Private Limited
495,U26100MH1994PTC083938,SCHOTT KAISHA PRIVATE LIMITED,Schott Kaisha Private Limited
496,U26900GJ2012PLC069426,GUJARAT CREDO MINERAL INDUSTRIES LIMITED,Gujarat Credo Mineral Industries Limited
497,U26941KL1978SGC002975,MALABAR CEMENTS LIMITED,Malabar Cements Ltd
498,U27100DL1999PLC108350,BHUSHAN POWER & STEEL LIMITED,Bhushan Power & Steel Limited
499,U27100MH2004PTC147918,MAHALAXMI TMT PRIVATE LIMITED,Mahalaxmi Tmt Private Limited
500,U27102CT1989GOI005468,FERRO SCRAP NIGAM LIMITED,Ferro Scrap Nigam Limited
501,U27106AP1990PLC018706,UMSL LIMITED,Umsl Limited
502,U27106CT2002PLC015184,SHRI BAJRANG POWER AND ISPAT LIMITED,Shri Bajrang Power And Ispat Limited
503,U27106PN1960PLC020566,ATLAS COPCO (INDIA) LIMITED,Atlas Copco (India) Limited
504,U27108WB1995PLC071253,APEEJAY TEA LIMITED,Apeejay Tea Limited
505,U27109AP1982GOI003404,RASHTRIYA ISPAT NIGAM LIMITED,Rashtriya Ispat Nigam Ltd
506,U27109OR1982GOI001050,NEELACHAL ISPAT NIGAM LTD,Neelachal Ispat Nigam Ltd
507,U27109OR2004PLC009683,T S ALLOYS LIMITED,T S Alloys Limited
508,U27109PB1993PLC014037,AARTI INTERNATIONAL LIMITED,Aarti International Limited
509,U27109TZ1979SGC000834,TAMILNADU MAGNESITE LIMITED,Tamilnadu Magnesite Limited
510,U27109WB1996PLC082138,MSP METALLICS LIMITED,Msp Metallics Limited
511,U27200HR2007PLC037927,UTTAM GALVA METALLICS LIMITED,Uttam Galva Metallics Limited
512,U27200MH1998PTC114831,MSS INDIA PRIVATE LIMITED,Mss India Private Limited
513,U27209TN1977SGC007291,ELECTRONICS CORPORATION OF TAMILNADU LIMITED,Electronics Corporation Of Tamilnadu Limited
514,U27310HR2008PTC042218,MMTC - PAMP INDIA PRIVATE LIMITED,Mmtc - Pamp India Private Limited
515,U28120MH2000PTC128675,CHENNAI CONTAINER TERMINAL PRIVATE LIMITED,Chennai Container Terminal Private Limited
516,U28910MH1981PLC024161,MINEX METALLURGICAL COMPANY LIMITED,Minex Metallurgical Company Limited
517,U28910TN1961PLC004478,THE METAL POWDER COMPANY LIMITED,The Metal Powder Company Limited
518,U28920TN1993PTC025794,SUNDARAM DYNACAST PRIVATE LIMITED,Sundaram Dynacast Private Limited
519,U28932PN1996PTC016924,SECO TOOLS INDIA PRIVATE LIMITED,Seco Tools India Private Limited
520,U28939MH2004PTC149545,BEBITZ FLANGES WORKS PRIVATE LIMITED,Bebitz Flanges Works Private Limited
521,U28939TN1914PLC000008,ADDISON & CO. LIMITED,Addison & Co. Limited
522,U28991TZ1986PTC001816,CRAFTSMAN AUTOMATION PRIVATE LIMITED,Craftsman Automation Private Limited
523,U29120TZ1992PTC003779,FLOW LINK SYSTEMS PRIVATE LIMITED,Flow Link Systems Private Limited
524,U29120TZ1996PTC006902,C R I PUMPS PRIVATE LIMITED,C R I Pumps Private Limited
525,U29129TN1960PLC004337,TRACTORS AND FARM EQUIPMENT LIMITED.,Tractors And Farm Equipment Limited.
526,U29130MH1988PTC046951,MARATHWADA AUTO COMPO PRIVATE LIMITED,Marathwada Auto Compo Private Limited
527,U29130PN2006PTC128649,TATA AUTOCOMP HENDRICKSON SUSPENSIONS PRIVATE LIMITED,Tata Autocomp Hendrickson Suspensions Private Limited
528,U29141TN1984FTC010913,KONE ELEVATOR INDIA PRIVATE LIMITED,Kone Elevator India Private Limited
529,U29196MH1981PTC024115,EMERSON PROCESS MANAGEMENT (INDIA) PRIVATE LIMITED,Emerson Process Management (India) Private Limited
530,U29197MH1987PTC042672,FLEETGUARD FILTERS PRIVATE LIMITED,Fleetguard Filters Private Limited
531,U29199GJ1995NPL027917,NARODA ENVIRO PROJECTS LIMITED,Naroda Enviro Projects Limited
532,U29199KA1990PTC011315,VALDEL ENGINEERS AND CONSTRUCTORS PRIVATE LIMITED,Valdel Engineers And Constructors Private Limited
533,U29199MH1994PTC079939,KOCH CHEMICAL TECHNOLOGY GROUP INDIA PRIVATE LIMITED,Koch Chemical Technology Group India Private Limited
534,U29199TZ1999PLC008751,SAKTHI AUTO COMPONENT LIMITED,Sakthi Auto Component Limited
535,U29211TN2005PLC055476,TAFE MOTORS AND TRACTORS LIMITED,Tafe Motors And Tractors Limited
536,U29214DL2005PTC132107,GRIPWEL FASTENERS PRIVATE LIMITED,Gripwel Fasteners Private Limited
537,U29219AP1976SGC002071,ANDHRA PRADESH HEAVY MACHINERY AND ENGINEERING LTD,Andhra Pradesh Heavy Machinery And Engineering Ltd
538,U29219GJ1972PTC002087,ASPEE AGRO EQUIPMENT PVT LTD,Aspee Agro Equipment Pvt Ltd
539,U29219GJ1991PLC015379,ELECON EPC PROJECTS LIMITED.,Elecon Epc Projects Limited.
540,U29219MH1998PTC115973,DICKINSON FOWLER PRIVATE LIMITED,Dickinson Fowler Private Limited
541,U29221UP1989PLC010780,U P PURVA SAINIK KALYAN NIGAM LIMITED,U P Purva Sainik Kalyan Nigam Limited
542,U29244TN2005PTC058357,KOMATSU INDIA PRIVATE LIMITED,Komatsu India Private Limited
543,U29246MH1991PLC062959,THERMAX ENGINEERING CONSTRUCTION COMPANY LIMITED,Thermax Engineering Construction Company Limited
544,U29253MH2013PTC242042,SAURER TEXTILE SOLUTIONS PRIVATE LIMITED,Saurer Textile Solutions Private Limited
545,U29253TZ1981PLC001104,ELGI ULTRA INDUSTRIES LIMITED,Elgi Ultra Industries Limited
546,U29259GJ1956PLC001509,EMTICI ENGINEERING LIMITED,Emtici Engineering Limited
547,U29259GJ1979PLC003467,STERLING ABRASIVE LIMITED,Sterling Abrasives Limited
548,U29259GJ1986PLC008520,HARSHA ENGINEERS LIMITED,Harsha Engineers Limited
549,U29261MH1994PTC076139,OERLIKON TEXTILE INDIA PRIVATE LIMITED,Oerlikon Textile India Private Limited
550,U29290MH1973GAP016420,INDIAN MACHINE TOOL MANUFACTURERS ASSOCIATION,Indian Machine Tool Manufacturers Association
551,U29292DL2011FTC225628,MITSUBISHI HITACHI POWER SYSTEMS INDIA PRIVATE LIMITED,Mitsubishi Hitachi Power Systems India Private Limited
552,U29292HR2009FTC039165,CORNING TECHNOLOGIES INDIA PRIVATE LIMITED,Corning Technologies India Private Limited
553,U29299MH1964PLC013087,C.T.R. MANUFACTURING INDUSTRIES LIMITED,C.T.R. Manufacturing Industries Limited
554,U29299PN1999PTC013389,SIARA ENGINEERING PRIVATE LIMITED,Siara Engineering Private Limited
555,U29309TN1996PLC035377,HYUNDAI MOTOR INDIA LIMITED,Hyundai Motor India Limited
556,U30006TN1993PTC025830,CONTROL TECHNIQUES INDIA PRIVATE LIMITED,Control Techniques India Private Limited
557,U31101MH1994PLC243148,ROSA POWER SUPPLY COMPANY LIMITED,Rosa Power Supply Company Limited
558,U31102MH1996PLC185098,RAJ WESTPOWER LTD,Raj Westpower Ltd
559,U31102WB1966PLC026834,EAST INDIA UDYOG LTD,East India Udyog Ltd
560,U31103PN1960PLC011738,GHATGE PATIL INDUSTRIES LIMITED,Ghatge Patil Industries Limited
561,U31103PN1995PLC084268,ADOR POWERTRON LIMITED,Ador Powertron Limited
562,U31109KA1991PTC011854,EFD INDUCTION PRIVATE LIMITED,Efd Induction Private Limited
563,U31200DL1995PLC169397,SKIPPER ELECTRICALS (INDIA) LIMITED,Skipperseil Limited
564,U31200KL1968PLC002169,O E N INDIA LTD,O E N India Ltd
565,U31200MP2000GOI014337,NHDC LIMITED,Nhdc Limited
566,U31200UP1992PLC014506,NOIDA POWER COMPANY LIMITED,Noida Power Company Limited
567,U31300TN2001PLC069645,MALCO ENERGY LIMITED,Malco Energy Limited
568,U31900DL1991PLC043974,QRG ENTERPRISES LIMITED.,Qrg Enterprises Limited.
569,U31905DL1981PLC127345,MINDA SAI LIMITED,Minda Sai Limited
570,U31909GJ1961PTC001075,YESHA ELECTRICALS PRIVATE LIMITED,Yesha Electricals Private Limited
571,U31909HR1980PLC010226,QH TALBROS LIMITED,Talbros International Limited
572,U31909KA1993PTC015007,TE CONNECTIVITY INDIA PRIVATE LIMITED,Te Connectivity India Private Limited
573,U31909TN2001PTC070708,FLEXTRONICS TECHNOLOGIES (INDIA) PRIVATE LIMITED,Flextronics Technologies (India) Private Limited
574,U33112WB1988PLC045223,APOLLO GLENEAGLES HOSPITAL LIMITED,Apollo Gleneagles Hospital Limited
575,U34100MH2000PTC125510,UMASONS AUTO COMPO PRIVATE LIMITED,Umasons Auto Compo Private Limited
576,U34102MH1998PTC113606,PIAGGIO VEHICLES PRIVATE LIMITED,Piaggio Vehicles Private Limited
577,U34102MH1999PTC123296,ENDURANCE TECHNOLOGIES PRIVATE LIMITED (CN),Endurance Technologies Private Limited (Cn)
578,U34103HR1986PLC024875,BAJAJ MOTORS LIMITED,Bajaj Motors Limited
579,U34103KA1981PTC004542,SANSERA ENGINEERING PRIVATE LIMITED,Sansera Engineering Private Limited
580,U34107KA2007PTC043432,MHI-VST DIESEL ENGINES PRIVATE LIMITED,Mitsubishi Heavy Industries-Vst Diesel Engines Private Limited
581,U34300DL1988PLC030910,ALLIED NIPPON LTD.,Allied Nippon Ltd.
582,U34300DL1997PLC087110,LUMAX DK AUTO INDUSTRIES LIMITED,Lumax Dk Auto Industries Limited
583,U34300MH1993PTC073227,SPICER INDIA PRIVATE LIMITED,Spicer India Private Limited
584,U34300MH1997PTC105518,DUROVALVES INDIA PRIVATE LIMITED,Durovalves India Private Limited
585,U34300TN2001PTC048109,BBL DAIDO PRIVATE LIMITED,Bbl Daido Private Limited
586,U34300TZ2007PLC014125,ATS ELGI LIMITED,Ats Elgi Limited
587,U35100MH1934GOI002079,MAZAGON DOCK SHIPBUILDERS LIMITED,Mazagon Dock Shipbuilders Limited
588,U35110MH1995PTC085229,FREIGHT CONNECTION INDIA PRIVATE LIMITED,Freight Connection India Private Limited
589,U35111GJ1993FLC053434,VADINAR OIL TERMINAL LIMITED,Vadinar Oil Terminal Limited
590,U35301KA1963GOI001622,HINDUSTAN AERONAUTICS LIMITED,Hindustan Aeronautics Limited
591,U35914KA2002PTC030335,TOYOTA KIRLOSKAR AUTO PARTS PRIVATE LIMITED,Toyota Kirloskar Auto Parts Private Limited
592,U35921PB1981PLC004729,ROCKMAN INDUSTRIES LIMITED,Rockman Industries Limited
593,U35999TN1961PLC004678,LUCAS TVS LIMITED,Lucas Tvs Limited
594,U36911RJ1996PLC011381,AU FINANCIERS (INDIA) LIMITED,Au Financiers (India) Limited
595,U36911RJ2001PLC016870,RMC GEMS INDIA LIMITED,Rmc Gems India Limited
596,U36911TN1987PLC014168,MEPCO INDUSTRIES LIMITED,Mepco Industries Limited
597,U36911UP1979PTC004761,SANSPAREILS GREENLANDS PRIVATE LIMITED,Sanspareils Greenlands Private Limited
598,U36911WB1920PLC003632,HAMILTON & COMPANY LIMITED,Hamilton & Company Limited
599,U36912MH2007PTC174133,KIRAN GEMS PRIVATE LIMITED,Kiran Gems Private Limited
600,U36912MH2011PTC216778,ANKIT GEMS PRIVATE LIMITED,Ankit Gems Private Limited
601,U36912MH2012PTC229115,SHREE RAMKRISHNA EXPORTS PRIVATE LIMITED,Shree Ramkrishna Exports Private Limited
602,U36996MH2007PTC169725,ARJAV DIAMONDS (INDIA) PRIVATE LIMITED,Arjav Diamonds (India) Private Limited
603,U36999TZ1992PLC003662,ROOTS MULTI CLEAN LIMITED,Roots Multi Clean Limited
604,U40100GJ1990SGC013961,GUJARAT POWER CORPORATION LIMTED,Gujarat Power Corporation Limted
605,U40100GJ1993SGC019988,GUJARAT STATE ELECTRICITY CORPORATION LIMITED,City Corporation Limited
606,U40100GJ1997PLC033108,VADINAR POWER COMPANY LIMITED,Vadinar Power Company Limited
607,U40100GJ1999SGC036018,GUJARAT ENERGY TRANSMISSION CORPORATION LIMITED,Gujarat Energy Transmission Corporation Limited
608,U40100GJ2005PLC046553,ADANI GAS LIMITED,Adani Gas Limited
609,U40100GJ2010PLC059593,MAHARASHTRA EASTERN GRID POWER TRANSMISSION COMPANY LIMITED,Maharashtra Eastern Grid Power Transmission Company Limited
610,U40100MH2003PLC143770,TATA POWER TRADING COMPANY LIMITED,Tata Power Trading Company Limited
611,U40100MH2005PLC154613,JSW POWER TRADING COMPANY LIMITED,Jsw Power Trading Company Limited
612,U40101HP2001PLC024791,DSL HYDROWATT LIMITED,Dsl Hydrowatt Limited
613,U40101KA1986PLC007404,BHORUKA POWER CORPORATION LIMITED,Bhoruka Power Corporation Limited
614,U40101ML1976GOI001658,NORTH EASTERN ELECTRIC POWER CORPN LIMITED,North Eastern Electric Power Corpn Ltd
615,U40101OR1995SGC003963,ODISHA HYDRO POWER CORPORATION LIMITED,Odisha Hydro Power Corporation Limited
616,U40101TG1995PLC021459,LANCO KONDAPALLI POWER LIMITED,Lanco Kondapalli Power Limited
617,U40101TN1994PTC027477,PPN POWER GENERATING COMPANY PRIVATE LIMITED,Ppn Power Generating Company Private Limited
618,U40101WB2007SGC113474,WEST BENGALSTATE ELECTRICITY TRANSMISSION COMPANY LIMITED,West Bengalstate Electricity Transmission Company Limited
619,U40102AP2008PTC059398,AMARA RAJA INFRA PRIVATE LIMITED,Amara Raja Infra Private Limited
620,U40102DL2008PTC177307,NTPC BHEL POWER PROJECTS PRIVATE LIMITED,Ntpc Bhel Power Projects Private Limited
621,U40102GJ2003SGC042908,PASCHIM GUJARAT VIJ COMPANY LIMITED,Paschim Gujarat Vij Company Limited
622,U40102GJ2003SGC042909,DAKSHIN GUJARAT VIJ COMPANY LIMITED,Dakshin Gujarat Vij Company Limited
623,U40102MH2008PLC181433,JAIGAD POWERTRANSCO LIMITED,Jaigad Powertransco Limited
624,U40103TN1991PLC021872,ABI-SHOWATECH (INDIA) LIMITED,Abi-Showatech (India) Limited
625,U40104HR2008SGC037809,JHAJJAR POWER LIMITED,Jhajjar Power Limited.
626,U40104MH1987GOI149458,NUCLEAR POWER CORPORATION OF INDIA LIMITED,Nuclear Power Corporation Of India Limited
627,U40104OR1984SGC001429,ODISHA POWER GENERATION CORPORATION LIMITED,Odisha Power Generation Corporation Limited
628,U40105DL2001PLC110714,POWERLINKS TRANSMISSION LIMITED,Powerlinks Transmission Limited
629,U40105DL2009GOI188682,POWER SYSTEM OPERATION CORPORATION LIMITED,Power System Operation Corporation Limited
630,U40105KA1995PLC016942,GMR POWER CORPORATION LIMITED,Gmr Power Corporation Limited
631,U40109DL1997FTC085582,EMERSON PROCESS MANAGEMENT POWER AND WATER SOLUTIONS INDIA PRIVATE LIMITED,Emerson Process Management Power And Water Solutions India Private Limited
632,U40109KA2002SGC030425,MANGALORE ELECTRICITY SUPPLY COMPANY LIMITED,Mangalore Electricity Supply Company Limited
633,U40109MH2008PTC178769,WELSPUN SOLAR AP PRIVATE LIMITED,Welspun Solar Ap Private Limited
634,U40109TN1995PTC033944,SAMALPATTI POWER COMPANY PRIVATE LIMITED,Samalpatti Power Company Private Limited
635,U40200PN2008FTC135459,T-3 ENERGY SERVICES INDIA PRIVATE LIMITED,T-3 Energy Services India Private Limited
636,U40300GJ1995PLC025082,MONTECARLO LIMITED,Montecarlo Limited
637,U41000MH2007PLC175261,PRAJ HIPURITY SYSTEMS LIMITED,Praj Hipurity Systems Limited
638,U45001PN1982PTC026507,RDA HOLDINGS PRIVATE LIMITED,Rda Holdings Private Limited
639,U45102GJ1997PLC031906,RELIANCE PORTS AND TERMINALS LIMITED,Reliance Ports And Terminals Limited
640,U45200DL2000PLC151199,PIPAVAV RAILWAY CORPORATION LIMITED,Pipavav Railway Corporation Limited
641,U45200MH1968PLC014045,HINDUJA REALTY VENTURES LIMITED,Hinduja Realty Ventures Limited
642,U45200MH1974PLC017190,UNIQUE ESTATES DEVELOPMENT COMPANY LIMITED,Unique Estates Development Company Limited
643,U45200MH2004PTC146973,NAVI MUMBAI SEZ PRIVATE LIMITED,Navi Mumbai Sez Private Limited
644,U45200MH2005PTC155055,BRIGHTSTAR INFRASTRUCTURE PRIVATE LIMITED,Brightstar Infrastructure Private Limited
645,U45200MH2006PLC161268,JSW INFRASTRUCTURE LIMITED,Jsw Infrastructure Limited
646,U45200TG1992PTC015115,MY HOME CONSTRUCTIONS PRIVATE LIMITED,My Home Constructions Private Limited
647,U45200TG2006PTC049680,APARNA INFRAHOUSING PRIVATE LIMITED (PART IX ),Aparna Infrahousing Private Limited (Part Ix )
648,U45200TN2008PLC066292,MAHINDRA RESIDENTIAL DEVELOPERS LIMITED,Mahindra Residential Developers Limited
649,U45200WB1987PTC042478,RSM BUILDERS & SECURITIES PRIVATE LIMITED,Rsm Builders & Securities Private Limited
650,U45201CT1997PTC012395,AVINASH DEVELOPERS PRIVATE LIMITED,Avinash Developers Private Limited
651,U45201DL2004PTC124321,VITAL CONSTRUCTION PRIVATE LIMITED,Vital Construction Private Limited
652,U45201DL2006PTC145558,NEHRU PLACE HOTELS AND REAL ESTATES PRIVATE LIMITED,Nehru Place Hotels And Real Estates Private Limited
653,U45201OR1962SGC000433,THE INDUSTRIAL DEVELOPMENT CORPORATION OF ODISHA LIMITED,The Industrial Development Corporation Of Odisha Limited
654,U45201TN1989PTC018150,AMPA HOUSING DEVELOPMENT PRIVATE LIMITED,Ampa Housing Development Private Limited
655,U45202MH1946PLC005262,NEW CONSOLIDATED CONSTRUCTION COMPANY LIMITED,New Consolidated Construction Company Limited
656,U45203CT1997PTC012220,SMS SHIVNATH INFRASTRUCTURE PRIVATE LIMITED,Sms Shivnath Infrastructure Private Limited
657,U45203PN2000PLC015630,MAHALAKSHMI INFRAPROJECTS LIMITED,Mahalakshmi Infraprojects Limited
658,U45203UR1988GOI009822,THDC INDIA LIMITED,Thdc India Limited
659,U45204GJ2010PLC059226,ADANI INFRA (INDIA) LIMITED,Adani Infra (India) Limited
660,U45207MH2007PLC173442,RUCHI REALTY HOLDINGS LIMITED,Rrhl Realty Limited
661,U45209DL2008PLC175321,DALMIA CEMENT EAST LIMITED,Dalmia Cement East Limited
662,U45209KA2006PLC038590,MANGALORE SEZ LIMITED,Mangalore Sez Limited
663,U45209PN2006PLC022073,NANDED CITY DEVELOPMENT AND CONSTRUCTION COMPANY LIMITED,Nanded City Development And Construction Company Limited
664,U45400DL2007GOI169232,IFCI INFRASTRUCTURE DEVELOPMENT LIMITED,Ifci Infrastructure Development Limited
665,U45400MH2007PTC176833,AGM INDIA ADVISORS PRIVATE LIMITED,Agm India Advisors Private Limited
666,U45400MH2009PLC195605,TATA VALUE HOMES LIMITED,Tata Value Homes Limited
667,U45400TG2008PLC057474,NCL WINTECH INDIA LIMITED,Ncl Wintech India Limited
668,U48985WB1992PLC095301,GREAT EASTERN ENERGY CORPORATION LIMITED,Great Eastern Energy Corporation Limited
669,U50103TG2006PTC073037,HYUNDAI MOTOR INDIA ENGINEERING PRIVATE LIMITED,Hyundai Motor India Engineering Private Limited
670,U50300MH1997PLC149349,TATA MOTORS INSURANCE BROKING AND ADVISORY SERVICE S LIMITED,Tata Motors Insurance Broking And Advisory Services Limited
671,U50300TN1956PLC000758,GEORGE OAKES LIMITED,George Oakes Limited
672,U51101DL1999PTC102039,OZONE OVERSEAS PRIVATE LIMITED,Ozone Overseas Private Limited
673,U51101KA1972PLC002242,MARKETING CONSULTANTS AND AGENCIES LIMITED,Marketing Communication & Advertising Limited
674,U51101MH1996PLC219948,VANDANA GLOBAL LIMITED,Vandana Global Limited
675,U51104RJ1985PTC003338,J.S.FOUR WHEEL MOTORS PRIVATE LIMITED,J.S.Four Wheel Motors Private Limited
676,U51109GA1963PTC000010,CHOWGULE INDUSTRIES PRIVATE LIMITED,Chowgule Industries Private Limited
677,U51109MH1924PLC001107,GANNON DUNKERLEY AND COMPANY LIMITED,Gannon Dunkerley And Company Limited
678,U51109WB1950PLC018728,ESSEL MINING & INDUSTRIES LTD.,Essel Mining & Industries Ltd.
679,U51109WB1996PTC076537,PATTON DEVELOPERS PRIVATE LIMITED,Patton Developers Private Limited
680,U51225TN1993PTC026433,AVT MCCORMICK INGREDIENTS PRIVATE LIMITED,Avt Mccormick Ingredients Private Limited
681,U51311UR1998PLC001289,GENUS INNOVATION LIMITED,Genus Innovation Limited
682,U51395DL2007PLC162295,VIRTUOUS URJA LIMITED,Yajur Commodities Limited
683,U51395RJ1981GOI002249,RAJASTHAN ELECTRONICS AND INSTRUMENTS LTD,Rajasthan Electronics And Instruments Ltd
684,U51396MH1935PTC002419,INDIAN NATIONAL PRESS (BOMBAY) PRIVATE LIMITED,Indian National Press (Bombay) Private Limited
685,U51397DL1998PTC093307,MAGNET LABS PRIVATE LIMITED,Magnet Labs Private Limited
686,U51410AS2007SGC008410,DNP LIMITED,Dnp Limited
687,U51496MH1996PLC100815,VISWAAT CHEMICALS LIMITED,Viswaat Chemicals Limited
688,U51500MH1996PLC099082,RUCHI GLOBAL LIMITED,Ruchi Global Limited
689,U51503DL1986PTC023886,AMBIENCE PRIVATE LIMITED,Ambience Private Limited
690,U51900GJ1989PLC079501,GERMAN REMEDIES LIMITED,German Remedies Limited
691,U51900MH1950PTC008051,J V GOKAL AND COMPANY PRIVATE LIMITED,J V Gokal And Company Private Limited
692,U51900MH1978PLC020222,MAHINDRA INTERTRADE LIMITED,Mahindra Intertrade Limited
693,U51900MH1990PTC056916,C M JAIN IMPEX AND INVESTMENTS PRIVATE LIMITED,C M Jain Impex And Investments Private Limited
694,U51900MH1994PLC078303,STCI FINANCE LIMITED,Stci Finance Limited
695,U51909DL1974PLC042836,RALSON (INDIA) LIMITED,Ralson (India) Limited
696,U51909DL1992PTC049978,CHANG YUN INDIA PRIVATE LIMITED,Chang Yun India Private Limited
697,U51909DL2002PTC118226,CARGILL GLOBAL TRADING INDIA PRIVATE LIMITED,Cargill Global Trading India Private Limited
698,U51909KA2005PTC036601,S.J.S. ENTERPRISES PRIVATE LIMITED,S.J.S. Enterprises Private Limited
699,U51909WB1965PLC026556,MERINO INDUSTRIES LIMITED,Merino Industries Limited
700,U52190KA1997PTC046775,LIFE STYLE INTERNATIONAL PRIVATE LIMITED,Life Style International Private Limited
701,U52212DL2000PLC107566,VLCC PERSONAL CARE LIMITED,Vlcc Personal Care Limited
702,U52599TN1991PLC021857,LAKSHMI CARGO COMPANY LIMITED,Lakshmi Cargo Company Limited
703,U55101HP1995PLC017440,MASHOBRA RESORT LIMITED,Mashobra Resort Limited
704,U55101HR1995PLC052281,FORTUNE PARK HOTELS LIMITED,Fortune Park Hotels Limited
705,U55101RJ1972PTC001445,RAMBAGH PALACE HOTEL PRIVATE LIMITED,Rambagh Palace Hotel Private Limited
706,U55101TG1986PLC006972,GREENPARK HOTELS AND RESORTS LIMITED,Greenpark Hotels And Resorts Limited
707,U55109CH2003PLC025876,BEST FOODS LIMITED,Best Foods Limited
708,U55109TG2003PTC041544,CYBERABAD CONVENTION CENTRE PRIVATE LIMITED,Cyberabad Convention Centre Private Limited
709,U60100TN2007SGC065596,CHENNAI METRO RAIL LIMITED,Chennai Metro Rail Limited
710,U60210TG2000PTC035714,ARUNACHALA LOGISTICS PRIVATE LIMITED,Arunachala Logistics Private Limited
711,U60222DL1986PLC026342,DARCL LOGISTICS LIMITED,Darcl Logistics Limited
712,U60231DL2005PLC138598,GATEWAY RAIL FREIGHT LIMITED,Gateway Rail Freight Limited
713,U60232TN2007PLC063378,SICAL MULTIMODAL AND RAIL TRANSPORT LIMITED,Sical Multimodal And Rail Transport Limited
714,U60300KL1998PLC012336,PETRONET CCK LIMITED,Petronet Cck Limited
715,U62200DL1980PLC010262,RJ CORP LIMITED,Rj Corp Limited
716,U62200TG2007PTC056311,GATI-KINTETSU EXPRESS PRIVATE LIMITED,Gati-Kintetsu Express Private Limited
717,U63000MH2007PLC173466,MAHINDRA LOGISTICS LIMITED,Mahindra Logistics Limited
718,U63000UP2005PTC036441,CMA CGM LOGISTICS PARK (DADRI) PRIVATE LIMITED,Cma Cgm Logistics Park (Dadri) Private Limited
719,U63010TN2007PLC064282,TVS DYNAMIC GLOBAL FREIGHT SERVICES LIMITED,Tvs Dynamic Global Freight Services Limited
720,U63011GJ2006PTC070691,HONEYCOMB LOGISTICS PRIVATE LIMITED,Honeycomb Logistics Private Limited
721,U63011TN2004PLC054655,TVS LOGISTICS SERVICES LIMITED,Tvs Logistics Services Limited
722,U63023DL2001PTC112366,OM TELECOM LOGISTICS PRIVATE LIMITED,Om Telecom Logistics Private Limited
723,U63030TN2012PLC087458,PROCONNECT SUPPLY CHAIN SOLUTIONS LIMITED,Proconnect Supply Chain Solutions Limited
724,U63032KL1972GOI002414,COCHIN SHIPYARD LIMITED,Cochin Shipyard Limited
725,U63032MH1997PLC109979,KC MARITIME (INDIA) LIMITED,Kc Maritime (India) Limited
726,U63032MH2007PLC176225,ESSAR BULK TERMINAL (SALAYA) LIMITED,Essar Bulk Terminal (Salaya) Limited
727,U63033KL1994PLC007803,COCHIN INTERNATIONAL AIRPORT LIMITED,Cochin International Airport Limited
728,U63040KA2007PTC041672,FLIGHT RAJA TRAVELS PRIVATE LIMITED,Flight Raja Travels Private Limited
729,U63040TN2004PLC052966,GRAND ROYALE ENTERPRISES LIMITED,Grand Royale Enterprises Limited
730,U64202DL1988PLC030870,J K TECHNOSOFT LIMITED,J K Technosoft Limited
731,U64202DL1992PLC048053,HUGHES COMMUNICATIONS INDIA LIMITED,Hughes Communications India Limited
732,U64990GJ1988SGC010307,GUJARAT STATE INVESTMENT LIMITED,Gujarat State Investment Limited
733,U65191TN1994PLC079235,FULLERTON INDIA CREDIT COMPANY LIMITED,Fullerton India Credit Company Limited
734,U65192MH1995PLC092522,JM FINANCIAL INSTITUTIONAL SECURITIES LIMITED,Jm Financial Institutional Securities Limited
735,U65900MH1988PLC047986,KOTAK MAHINDRA INVESTMENTS LIMITED,Kotak Mahindra Investments Limited
736,U65910DL1985PLC019985,PIONEER URBAN LAND AND INFRASTRUCTURE LIMITED,Pioneer Urban Land & Infrastructure Limited
737,U65910KL1992PLC006544,MUTHOOT VEHICLE & ASSET FINANCE LIMITED,Muthoot Vehicle & Asset Finance Limited
738,U65910KL1995PLC008910,FEDBANK FINANCIAL SERVICES LIMITED,Fedbank Financial Services Limited
739,U65910MH1997PLC253897,CITICORP FINANCE (INDIA) LIMITED,Citicorp Finance (India) Limited
740,U65910PN1990PLC057017,ELECTRONICA FINANCE LIMITED,Electronica Finance Limited
741,U65910TN1989PTC017021,IFMR CAPITAL FINANCE PRIVATE LIMITED,Ifmr Capital Finance Private Limited
742,U65910WB1993FLC060810,FAMILY CREDIT LIMITED,Family Credit Limited
743,U65921PB1979PTC004037,BAHADUR CHAND INVESTMENTS PRIVATE LIMITED,Bahadur Chand Investments Private Limited
744,U65921PB1979PTC004044,THAKURDEVI INVESTNENTS PVT LTD,Thakurdevi Investnents Pvt Ltd
745,U65922DL1988PLC033856,PNB HOUSING FINANCE LIMITED,Pnb Housing Finance Limited
746,U65922TN1995PLC031681,NATIONAL TRUST HOUSING FINANCE LIMITED,National Trust Housing Finance Limited
747,U65922TN1999PLC042759,SUNDARAM BNP PARIBAS HOME FINANCE LIMITED,Sundaram Bnp Paribas Home Finance Limited
748,U65923AS1995GOI004529,NORTH EASTERN DEVELOPMENT FINANCE CORPORATION LIMITED,North Eastern Development Finance Corporation Limited
749,U65923DL2006PLC150632,INDIABULLS COMMERCIAL CREDIT LIMITED,Indiabulls Commercial Credit Limited
750,U65923MH2006PLC162503,TATA MOTORS FINANCE LIMITED,Tata Motors Finance Limited
751,U65929DL1997PTC085780,KUSUM HEALTHCARE PRIVATE LIMITED,Kusum Healthcare Private Limited
752,U65929DL2008PTC182749,DMI FINANCE PRIVATE LIMITED,Dmi Finance Private Limited
753,U65929HR1998PLC037509,RABO INDIA FINANCE LIMITED,Rabo India Finance Limited
754,U65929KL1997PLC011518,MUTHOOT FINCORP LIMITED,Muthoot Fincorp Limited
755,U65990GJ1999PLC036086,GUJARAT ROAD AND INFRASTRUCTURE COMPANY LIMITED,Gujarat Road And Infrastructure Company Limited
756,U65990MH1979PLC021037,AF-TAAB INVESTMENT COMPANY LIMITED,Af-Taab Investment Company Limited
757,U65990MH1986PTC041752,LOUISIANA INVESTMENT & FINANCE PRIVATE LIMITED,Louisiana Investment & Finance Private Limited
758,U65990MH1987PLC044571,INFRASTRUCTURE LEASING AND FINANCIAL SERVICES LIMITED,Infrastructure Leasing And Financial Services Limited
759,U65990MH1994PLC077090,TATA ASSET MANAGEMENT LIMITED,Tata Asset Management Limited
760,U65990MH2005PLC152497,DSP MERRILL LYNCH CAPITAL LIMITED,Dsp Merrill Lynch Capital Limited
761,U65990MH2005PLC154854,ECL FINANCE LIMITED,Ecl Finance Limited
762,U65991MH1995PLC087722,TATA TRUSTEE COMPANY LIMITED,Tata Trustee Company Limited
763,U65991MH1997PTC111056,ENAM ASSET MANAGEMENT COMPANY PRIVATE LMITED,Enam Asset Management Company Private Lmited
764,U65991MH1999PLC123027,HDFC ASSET MANAGEMENT COMPANY LIMITED,Hdfc Asset Management Company Limited
765,U65991TN1925PLC002345,SIMPSON AND COMPANY LIMITED,Simpson And Company Limited
766,U65991TN1992PLC022619,UPASANA ENGINEERING LIMITED,Tvs Upasana Limited
767,U65993DL1974PLC120976,AVALOKITESHVAR VALINV LIMITED,Avalokiteshvar Valinv Limited
768,U65993DL1988GOI030284,IFCI VENTURE CAPITAL FUNDS LIMITED,Ifci Venture Capital Funds Limited
769,U65993DL1988PLC033155,CITLAND COMMERCIAL CREDITS LIMITED,Citland Commercial Credits Limited
770,U65993MH1989PTC051139,BETTER VALUE HOLDINGS PRIVATE LIMITED,Better Value Holdings Private Limited
771,U65993MH2004PTC144260,ALTICO CAPITAL INDIA PRIVATE LIMITED,Altico Capital India Private Limited
772,U65993MH2006PTC163559,MK PROFINLEASE PRIVATE LIMITED,Mk Profinlease Private Limited
773,U65993TN1974PLC006588,SHRIRAM CAPITAL LIMITED,Shriram Capital Limited
774,U65993WB1972PLC028595,R.V. INVESTMENT AND DEALERS LTD,R.V. Investment And Dealers Ltd
775,U65993WB1990PTC049245,AMBUJA NEOTIA HOLDINGS PRIVATE LIMITED,Ambuja Neotia Holdings Private Limited
776,U65993WB1994PLC061684,RUSSELL CREDIT LTD,Russell Credit Ltd
777,U65993WB1996PTC079012,ADVENTZ FINANCE PRIVATE LIMITED,Adventz Finance Private Limited
778,U65999KA1992PLC037455,GMR AIRPORTS LIMITED,Gmr Airports Limited
779,U65999MH1991PTC059906,K M DASTUR REINSURANCE BROKERS PRIVATE LIMITED,K M Dastur Reinsurance Brokers Private Limited
780,U65999WB1994PLC064358,KIRTIVARDHAN FINVEST SERVICES LIMITED,Kirtivardhan Finvest Services Limited
781,U66010WB1932PLC007490,THE PEERLESS GENERAL FINANCE & INVESTMENT CO LTD,The Peerless General Finance & Investment Co Ltd
782,U67100MH1995FTC140049,INDIA RATINGS AND RESEARCH PRIVATE LIMITED,India Ratings And Research Private Limited
783,U67100MH2010PLC210201,TATA CAPITAL FINANCIAL SERVICES LIMITED,Tata Capital Financial Services Limited
784,U67120AP1987PLC039114,SMARTCHEM TECHNOLOGIES LIMITED,Smartchem Technologies Limited
785,U67120AP1994PLC052372,EDELWEISS FINANCE & INVESTMENTS LIMITED,Edelweiss Finance & Investments Limited
786,U67120DL2008PLC176326,GLOBE FINCAP LIMITED.,Globe Fincap Limited.
787,U67120GJ1995PTC024528,PARKER MULTI-COMMODITIES (INDIA) PRIVATE LIMITED,Parker Multi-Commodities (India) Private Limited
788,U67120GJ2000PTC037674,NJ INDIAINVEST PRIVATE LIMITED,Nj Indiainvest Private Limited
789,U67120MH1965PTC008461,BYRAMJEE JEEJEEBHOY PRIVATE LIMITED,Byramjee Jeejeebhoy Private Limited
790,U67120MH1990PTC055473,HARIRANI INVESTMENT AND TRADING PRIVATE LIMITED,Harirani Investment And Trading Private Limited
791,U67120MH1992PLC069769,NATIONAL STOCK EXCHANGE OF INDIA LIMITED,National Stock Exchange Of India Ltd.
792,U67120MH1996PTC098584,INFINA FINANCE PRIVATE LIMITED,Infina Finance Private Limited
793,U67120MH1999PTC119811,ALCHEMY CAPITAL MANAGEMENT PRIVATE LIMITED,Alchemy Capital Management Private Limited
794,U67120MH2004PLC147365,INDIA INFOLINE FINANCE LIMITED,India Infoline Finance Limited
795,U67120MH2004PTC146800,DEUTSCHE INDIA HOLDINGS PRIVATE LIMITED,Deutsche India Holdings Private Limited
796,U67120MP1985PTC003145,BHASKAR INDUSTRIES PRIVATE LIMITED,Bhaskar Industries Private Limited
797,U67120PN1983PTC029447,DESONS HOLDINGS AND FINANCE PVT LTD,Desons Holdings And Finance Pvt Ltd
798,U67190DL2006GOI144520,INDIA INFRASTRUCTURE FINANCE COMPANY LIMITED,India Infrastructure Finance Company Limited
799,U67190MH1995PTC093356,FRANKLIN TEMPLETON ASSET MANAGEMENT (INDIA) PRIVATE LIMITED,Franklin Templeton Asset Management (India) Private Limited
800,U67190MH2000PTC154942,TEMASEK HOLDINGS ADVISORS INDIA PRIVATE LIMITED,Temasek Holdings Advisors India Private Limited
801,U67190MH2002PLC137798,IDFC ALTERNATIVES LIMITED,Idfc Alternatives Limited
802,U67190MH2002PTC137790,TPG CAPITAL INDIA PRIVATE LIMITED,Tpg Capital India Private Limited
803,U67190MH2008PLC187552,TATA CAPITAL HOUSING FINANCE LIMITED,Tata Capital Housing Finance Limited
804,U67200MH1996PLC097730,KOTAK MAHINDRA PRIME LIMITED,Kotak Mahindra Prime Limited
805,U70100MH1973PTC016912,DIPCO ESTATES PRIVATE LIMITED,Dipco Estates Private Limited
806,U70100MH2002PTC137766,AVACADO PROPERTIES AND TRADING (INDIA) PRIVATE LIMITED,Avacado Properties And Trading (India) Private Limited
807,U70101KA1987PTC008167,CROSSDOMAIN SOLUTIONS PRIVATE LIMITED,Crossdomain Solutions Private Limited
808,U70101TN1956PTC003445,EXPRESS NEWSPAPERS PRIVATE LIMITED,Express Newspapers Private Limited
809,U70101WB2004PLC099945,CRESCENT POWER LIMITED,Crescent Power Limited
810,U70101WB2006PLC109898,SREI EQUIPMENT FINANCE LIMITED,Srei Equipment Finance Limited
811,U70102PN2007PTC129659,BELLFLOWER PROPERTIES PRIVATE LIMITED,Bellflower Properties Private Limited
812,U72100DL1973ULT006898,PANCHSHEEL INVESTMENT COMPANY (A PVT.CO.WITH UNLIMITED LIABILITY),Panchsheel Investment Company (A Pvt.Co.With Unlimited Liability)
813,U72100KA1985PTC007117,UCAM PRIVATE LIMITED,Ucam Private Limited
814,U72200DL1998PTC093824,MICROSOFT INDIA (R&D) PRIVATE LIMITED,Microsoft India (R&D;) Private Limited
815,U72200GJ1988PLC010830,E-INFOCHIPS LIMITED,E-Infochips Limited
816,U72200GJ2005PTC046802,MASTERCARD MOBILE TRANSACTIONS SOLUTIONS PRIVATE LIMITED,Mastercard Mobile Transactions Solutions Private Limited
817,U72200HR1999PLC041214,COMVIVA TECHNOLOGIES LIMITED,Comviva Technologies Limited
818,U72200KA2000PTC027232,SOCIETE GENERALE GLOBAL SOLUTION CENTRE PRIVATE LIMITED,Societe Generale Global Solution Centre Private Li
819,U72200KA2000PTC027503,SLK SOFTWARE SERVICES PRIVATE LIMITED,Slk Software Services Private Limited
820,U72200KA2001PTC028959,VINYAS INNOVATIVE TECHNOLOGIES PRIVATE LIMITED,Vinyas Innovative Technologies Private Limited
821,U72200KA2006PTC040015,TRIANZ HOLDINGS PRIVATE LIMITED,Trianz Holdings Private Limited
822,U72200MH1999PLC122456,NSE IT LIMITED,Nseit Limited
823,U72200MH2002PLC138213,AGS TRANSACT TECHNOLOGIES LIMITED,Ags Transact Technologies Limited
824,U72200MH2004PTC179939,CITEC ENGINEERING INDIA PRIVATE LIMITED,Citec Engineering India Private Limited
825,U72200PN2001PTC153069,ANSYS SOFTWARE PRIVATE LIMITED,Ansys Software Private Limited
826,U72200PN2003PTC017850,TALENTICA SOFTWARE (INDIA) PVT LIMITED,Talentica Software (India) Pvt Ltd
827,U72200TG1986PLC006601,NCL ALLTEK & SECCOLOR LIMITED,Ncl Alltek & Seccolor Limited
828,U72200TG2006PTC049254,HEAD INFOTECH INDIA PVT LTD,Head Infotech India Pvt Ltd
829,U72300KA1996PTC036154,COGNIZANT GLOBAL SERVICES PRIVATE LIMITED,Cognizant Global Services Private Limited
830,U72300KA2000PTC026968,HEWLETT-PACKARD GLOBALSOFT PRIVATE LIMITED,Hewlett-Packard Globalsoft Private Limited
831,U72300MH2000PLC127476,SONATA INFORMATION TECHNOLOGY LIMITED,Sonata Information Technology Limited
832,U72300MH2000PLC128359,CREDIT INFORMATION BUREAU (INDIA) LIMITED,Credit Information Bureau (India) Limited
833,U72400TN2004PTC054226,NEWGEN KNOWLEDGE WORKS PRIVATE LIMITED,Newgen Knowledge Works Private Limited
834,U72900DL2001PLC109058,BILTECH BUILDING ELEMENTS LIMITED,Biltech Building Elements Limited
835,U72900DL2002PTC118236,COPAL RESEARCH INDIA PRIVATE LIMITED,Copal Research India Private Limited
836,U72900DL2003PTC123398,BOEING INTERNATIONAL CORPORATION INDIA PRIVATE LIMITED,Boeing International Corporation India Private Limited
837,U72900MH2000PLC126952,DOTEX INTERNATIONAL LIMITED,Dotex International Limited
838,U72900MH2000PTC124073,J. P. MORGAN SERVICES INDIA PRIVATE LIMITED,J. P. Morgan Services India Private Limited
839,U72900MH2001PLC134244,3D PLM SOFTWARE SOLUTIONS LIMITED,3D Plm Software Solutions Limited
840,U73100DL2004PTC129754,MICROSOFT RESEARCH LAB INDIA PRIVATE LIMITED,Microsoft Research Lab India Private Limited
841,U73100GJ2004PLC044669,CLIANTHA RESEARCH LIMITED,Cliantha Research Limited
842,U73100MH1998PLC114976,INDIA INDEX SERVICES AND PRODUCTS LIMITED,India Index Services And Products Limited
843,U73100PN2003PTC018025,CUMMINS RESEARCH AND TECHNOLOGY INDIA PRIVATE LIMITED,Cummins Research And Technology India Private Limited
844,U73200UP1997PTC023702,H-ONE INDIA PRIVATE LIMITED,H-One India Private Limited
845,U74100DL1972PLC006062,DHARAM PAL PREM CHAND LIMITED,Dharam Pal Prem Chand Ltd
846,U74100MH1985PLC035954,J M FINANCIAL INVESTMENT MANAGERS LIMITED,J M Financial Investment Managers Limited
847,U74100MH2004PTC150047,BMR BUSINESS SOLUTIONS PRIVATE LIMITED,Bmr Business Solutions Private Limited
848,U74130GJ2005PTC062544,SOLVAY SPECIALITIES INDIA PRIVATE LIMITED,Solvay Specialities India Private Limited
849,U74140GJ1983PTC005900,SAI CONSULTING ENGINEERS PRIVATE LIMITED,Sai Consulting Engineers Private Limited
850,U74140HR1988PLC030225,DEE DEVELOPMENT ENGINEERS LIMITED,Dee Development Engineers Limited
851,U74140HR2000PTC037694,MARKETOPPER SECURITIES PRIVATE LIMITED,Marketopper Securities Private Limited
852,U74140KA2000PTC027640,SWISS RE SHARED SERVICES (INDIA) PRIVATE LIMITED,Swiss Re Shared Services (India) Private Limited
853,U74140KA2001PTC029678,MANIPAL GLOBAL EDUCATION SERVICES PRIVATE LIMITED,Manipal Global Education Services Private Limited
854,U74140MH1989PTC052930,TUV INDIA P LTD,Tuv India P Ltd
855,U74140MH1991PTC193610,CREDIT SUISSE FINANCE (INDIA) PRIVATE LIMITED,Credit Suisse Finance (India) Private Limited
856,U74140MH1996PTC099483,DSP BLACKROCK INVESTMENT MANAGERS PRIVATE LIMITED,Dsp Blackrock Investment Managers Private Limited
857,U74140MH2008PTC184628,SBI MACQUARIE INFRASTRUCTURE MANAGEMENT PRIVATE LIMITED,Sbi Macquarie Infrastructure Management Private Limited
858,U74140WB1997SGC084422,WEST BENGAL INFRASTRUCTURE DEVELOPMENT FINANCE CORPN LTD (WBGOVT COMPANY),West Bengal Infrastructure Development Finance Corpn Ltd (Wbgovt Company)
859,U74210DL1997PTC086207,GOD GIFT PROPERTIES PRIVATE LIMITED,God Gift Properties Private Limited
860,U74210KA1973PLC002424,SAN ENGINEERING AND LOCOMOTIVE COMPANY LIMITED.,San Engineering And Locomotive Company Limited.
861,U74210KA2002PTC030904,IBC KNOWLEDGE PARK PRIVATE LIMITED,Ibc Knowledge Park Private Limited
862,U74210MH1999PLC123010,TATA CONSULTING ENGINEERS LIMITED,Tata Consulting Engineers Limited
863,U74210WB1976GOI030798,BRAITHWAITE & CO LTD,Braithwaite & Co Ltd
864,U74300MH1996PTC206321,VIJAY TELEVISION PRIVATE LIMITED,Vijay Television Private Limited
865,U74300MH2003PTC140136,BEEHIVE COMMUNICATIONS PRIVATE LIMITED,Beehive Communications Private Limited
866,U74899DL1954PTC002361,R C SOOD AND CO PRIVATE LTD,R C Sood And Co Private Ltd
867,U74899DL1965PLC004518,BHARAT ALUMINIUM CO LTD,Bharat Aluminium Co Ltd
868,U74899DL1966PTC004919,MAHLE FILTER SYSTEMS (INDIA) PRIVATE LIMITED,Mahle Filter Systems (India) Private Limited
869,U74899DL1969GOI005070,WAPCOS LIMITED,Wapcos Limited
870,U74899DL1970GOI005276,HOUSING AND URBAN DEVELOPMENT CORPORATION LIMITED,Housing And Urban Development Corporation Limited
871,U74899DL1971GOI005600,PEC LIMITED,Pec Limited
872,U74899DL1972PLC006093,AIMIL LIMITED,Aimil Limited
873,U74899DL1974GOI007227,RITES LIMITED,Rites Limited
874,U74899DL1974PTC007361,JETAIR PRIVATE LIMITED,Jetair Private Limited
875,U74899DL1984PTC019362,UNITED DECORATIVES PVT LTD,United Decoratives Pvt Ltd
876,U74899DL1991PLC046403,DEVYANI FOOD INDUSTRIES LIMITED,Devyani Food Industries Limited
877,U74899DL1991PTC046129,AMBIENCE DEVELOPERS AND INFRASTRUCTURE PRIVATE LIMITED,Ambience Developers & Infrastructure Private Limited.
878,U74899DL1993PLC054259,RELIGARE HOUSING DEVELOPMENT FINANCE CORPORATION LIMITED,Religare Housing Development Finance Corporation Limited
879,U74899DL1994PLC063063,GEOENPRO PETROLEUM LIMITED,Geoenpro Petroleum Limited
880,U74899DL1994PTC061083,ORIFLAME INDIA PRIVATE LIMITED,Oriflame India Private Limited
881,U74899DL1995PTC073692,MINDARIKA PRIVATE LIMITED,Mindarika Private Limited
882,U74899DL1996PLC082842,VLCC HEALTH CARE LIMITED,Vlcc Health Care Limited
883,U74899DL1998PLC092459,BABA GLOBAL LIMITED.,Baba Global Limited.
884,U74899DL1998PTC097297,INDIANOIL PETRONAS PRIVATE LIMITED,Indianoil Petronas Private Limited
885,U74899DL1999GOI101707,INDIAN RAILWAY CATERING AND TOURISM CORPORATION LIMITED,Indian Railway Catering And Tourism Corporation Limited
886,U74899DL1999PTC098274,NTPC-SAIL POWER COMPANY PRIVATE LIMITED,Ntpc-Sail Power Company Private Limited
887,U74899DL2000PTC107953,RENAISSANCE ASSET MANAGEMENT COMPANY PRIVATE LIMITED,Renaissance Asset Management Company Private Limited
888,U74899DL2001PLC111525,BSES YAMUNA POWER LIMITED,Bses Yamuna Power Limited
889,U74899DL2001PLC111527,BSES RAJDHANI POWER LIMITED,Bses Rajdhani Power Limited
890,U74899KA1994PTC049746,BSS MICROFINANCE PRIVATE LIMITED,Bss Microfinance Private Limited
891,U74899RJ1987PLC029106,SECURE METERS LIMITED,Secure Meters Limited
892,U74899UP1993PLC034039,VACMET INDIA LIMITED,Vacmet India Limited
893,U74900DL2009PTC188515,BAE SYSTEMS INDIA (SERVICES) PRIVATE LIMITED,Bae Systems India (Services) Private Limited
894,U74900UP2008PTC035118,KPL EXPORTS PRIVATE LIMITED,Kpl Exports Private Limited
895,U74952MH1994FLC078296,POSITIVE PACKAGING INDUSTRIES LIMITED,Positive Packaging Industries Limited
896,U74999DL2001PLC109103,JINDAL INDIA THERMAL POWER LIMITED,Jindal India Thermal Power Limited
897,U74999DL2004PLC125090,C L GUPTA EXPORTS LIMITED,C L Gupta Exports Limited
898,U74999GJ1995FTC025783,FERROMATIK MILACRON INDIA PRIVATE LIMITED,Ferromatik Milacron India Private Limited
899,U74999HR1992FLC036104,CARRIER AIRCONDITIONING & REFRIGERATION LIMITED,Carrier Airconditioning & Refrigeration Limited
900,U74999MH1947PTC005508,THYSSENKRUPP INDUSTRIES INDIA PRIVATE LIMITED,Thyssenkrupp Industries India Private Limited
901,U74999MH1971PTC015021,ORBIT ELECTRICALS PRIVATE LIMITED,Orbit Electricals Private Limited
902,U74999MH1994PTC077533,ROCHE PRODUCTS (INDIA) PRIVATE LIMITED,Roche Products (India) Private Limited
903,U74999MH2002PTC135508,VISAKHA CONTAINER TERMINAL PRIVATE LIMITED,Visakha Container Terminal Private Limited
904,U74999MH2012PLC235072,GARWARE INDUSTRIEES LIMITED,Garware Industriees Limited
905,U74999TG2000PTC035826,GVK BIOSCIENCES PRIVATE LIMITED,Gvk Biosciences Private Limited
906,U74999UP1991PTC035741,JUBILANT ENPRO PRIVATE LIMITED,Jubilant Energy Private Limited
907,U75142WB1967SGC026988,WEST BENGAL INDUSTRIAL DEVELOPMENT CORPN LTD,West Bengal Industrial Development Corpn  Ltd
908,U80901TG2009PTC065079,K-12 EDUCATION MANAGEMENT PRIVATE LIMITED,K-12 Education Management Private Limited
909,U85110KA1961PLC001433,BHARAT FRITZ WERNER LIMITED,Bharat Fritz Werner Limited
910,U85110KA1989PLC014450,MICROLAND LIMITED,Microland Limited
911,U85110KA1992PLC013114,GLOBAL EDGE SOFTWARE LIMITED,Global Edge Software Limited
912,U85110KA1993PLC014366,MURUDESHWAR POWER CORPORATION LIMITED,Murudeshwar Power Corporation Limited
913,U85110KA1995PTC018868,JINDAL PRAXAIR OXYGEN COMPANY PRIVATE LIMITED,Jsw Praxair Oxygen Private Limited
914,U85110KA1997PLC021862,NABARD FINANCIAL SERVICES LIMITED,Nabard Financial Services Limited
915,U85110KA1997PTC021831,ASHIRVAD PIPES PRIVATE LIMITED,Ashirvad Pipes Private Limited
916,U85110KL1996PLC010260,LAKESHORE HOSPITAL AND RESEARCH CENTRE LIMITED,Lakeshore Hospital And Research Centre Limited
917,U85110TG2006PTC051751,UNIMED HEALTH CARE PRIVATE LIMITED,Unimed Health Care Private Limited
918,U85110TN1994PTC029023,MEDALL HEALTHCARE PRIVATE LIMITED,Medall Healthcare Private Limited
919,U85199KA1999PTC025676,MEDI ASSIST INDIA TPA PRIVATE LIMITED,Medi Assist India Tpa Private Limited
920,U85320PN2002PLC018324,ZUVENTUS HEALTHCARE LIMITED,Zuventus Healthcare Limited
921,U92113KL1996PTC010386,V STAR CREATIONS PRIVATE LIMITED,V Star Creations Private Limited
922,U92131TN2005PLC057987,SOUTH ASIA FM LIMITED,South Asia Fm Limited
923,U99999DL1969GAP005106,INDIAN SUGAR EXIM CORPORATION LTD.,Indian Sugar Exim Corporation Ltd.
924,U99999MH1974PTC129493,PIRAMAL FINANCE PRIVATE LIMITED,Piramal Finance Private Limited
925,U99999MH1986PLC040298,SBI CAPITAL MARKETS LIMITED,Sbi Capital Markets Limited
926,U99999MH1993PLC071865,IDFC SECURITIES LIMITED,Idfc Securities Limited
927,U99999MH1999PTC123358,AVENDUS CAPITAL PRIVATE LIMITED,Avendus Capital Private Limited
928,U99999MH2000PTC128519,UPS JETAIR EXPRESS PRIVATE LIMITED,Ups Jetair Express Private Limited
929,U99999PN1997PLC110139,TATA TOYO RADIATOR LIMITED,Tata Toyo Radiator Limited
930,L24299KL1989PLC005452,COCHIN MINERALS AND RUTILE LTD,Cochin Minerals And Rutile Ltd
931,L23203MH2008PLC267060,GULF OIL LUBRICANTS INDIA LIMITED,Gulf Oil Lubricants India Limited
932,L74210MP1978PLC001452,FLUIDOMAT LIMITED,Fluidomat Limited
933,L74999HR2000PLC040183,SRS LIMITED,Srs Limited
934,L52520MP1986PLC003405,AD- MANUM FINANCE LIMITED,Ad- Manum Finance Limited
935,L15500MH1981PLC025809,G M BREWERIES LIMITED,G M Breweries Limited
936,L72200KA1990PLC084435,AXISCADES ENGINEERING TECHNOLOGIES LIMITED,Axiscades Engineering Technologies Limited
937,L40300MH1989PLC052574,BHAGERIA INDUSTRIES LIMITED,Bhageria Industries Limited
938,L30007KA1991PLC039702,MINDTECK (INDIA) LIMITED,Mindteck (India) Limited
939,L29130HP1971PLC000904,GUJARAT AUTOMOTIVE GEARS LIMITED,Gujarat Automotive Gears Limited
940,L29308RJ1992PLC006870,GRAVITA INDIA LIMITED,Gravita India Limited
941,L31300MH2000PLC269261,STERLITE TECHNOLOGIES LIMITED,Sterlite Technologies Limited
942,L21010GJ1995PLC025135,SHREE AJIT PULP AND PAPER LIMITED,Shree Ajit Pulp And Paper Limited
943,L26100GJ1991PLC016173,SWISS GLASCOAT EQUIPMENTS LIMITED,Swiss Glascoat Equipments Limited
944,L27109DL1958PLC003006,HINDUSTAN TIN WORKS LIMITED,Hindustan Tin Works Limited
945,U64200MH1999PLC137729,MUSIC BROADCAST LIMITED,Music Broadcast Limited
946,L74899DL1995PLC064007,GRM OVERSEAS LIMITED (LTD. CO. WITH PART IX),Grm Overseas Limited (Ltd. Co. With Part Ix)
947,L31300TN1993PLC025063,CYBELE INDUSTRIES LIMITED,Cybele Industries Limited
948,L27101TG1972PLC001549,NAVA BHARAT VENTURES LIMITED,Nava Bharat Ventures Limited
949,L01120AP1986PLC006728,KAVERI SEED COMPANY LTD.,Kaveri Seed Company Ltd.
950,L45201PN1991PLC063340,D S KULKARNI DEVELOPERS LTD,D S Kulkarni Developers Ltd
951,L74210HR1986PLC033018,TALBROS ENGINEERING LIMITED,Talbros Engineering Limited
952,L74899MH1993PLC274881,A K CAPITAL SERVICES LIMITED,A K Capital Services Limited
953,L24231TN1990PLC019053,CAPLIN POINT LABORATORIES LIMITED,Caplin Point Laboratories Limited
954,L72900TN2011PLC080183,INTELLECT DESIGN ARENA LIMITED,Intellect Design Arena Limited
955,L16003WB2006PLC110039,RDB REALTY & INFRASTRUCTURE LIMITED,Rdb Realty & Infrastructure Limited
956,L14101RJ1994PLC008930,INANI MARBLES AND INDUSTRIES LTD.,Inani Marbles And Industries Ltd.
957,L65991DL1990PLC041796,SATIN CREDITCARE NETWORK LIMITED,Satin Creditcare Network Limited
958,L74899DL1992PLC051462,CSL FINANCE LIMITED,Csl Finance Limited
959,L17115TZ1988PLC002269,AMBIKA COTTON MILLS LIMITED,Ambika Cotton Mills Limited
960,L74899DL1985PLC020134,SUBROS LIMITED,Subros Limited
961,L15500WB1997PLC085661,DHUNSERI TEA & INDUSTRIES LIMITED,Dhunseri Tea & Industries Limited
962,L45201DL1999PLC195937,PNC INFRATECH LIMITED,Pnc Infratech Limited
963,L55101TN1969PLC005768,SAVERA INDUSTRIES LIMITED,Savera Industries Limited
964,L34300MH1977PLC019823,MENON PISTONS LIMITED,Menon Pistons Limited
965,L65910HR1990PLC040431,SRS REAL INFRASTRUCTURE LIMITED,Srs Real Infrastructure Limited
966,L25209GJ1993PLC019532,RUSHIL DECOR LIMITED,Rushil Decor Limited
967,L25192MH1981PLC024837,PIX TRANSMISSIONS LTD,Pix Transmissions Ltd
968,L85110KA1993PLC014937,SYNGENE INTERNATIONAL LIMITED,Syngene International Limited
969,L25119AP1984PLC004719,NILE LIMITED,Nile Limited
970,L15110AP1961PLC000874,CCL PRODUCTS (INDIA) LIMITED,Ccl Products (India) Limited
971,L18101KL1992PLC006528,KITEX GARMENTS LIMITED,Kitex Garments Limited
972,L26956PN1994PLC078941,SAHYADRI INDUSTRIES LIMITED.,Sahyadri Industries Limited.
973,L72200AP1990PLC011334,AVANTEL LIMITED,Avantel Limited
974,L36999DL1989PLC034928,FIEM INDUSTRIES LIMITED,Fiem Industries Limited
975,L15331KL1963PLC002028,KSE LIMITED,Kse Limited
976,L27101TZ1990PLC002849,INDSIL HYDRO POWER AND MANGANESE LIMITED,Indsil Hydro Power And Manganese Limited
977,L45202GJ2007PLC049808,SADBHAV INFRASTRUCTURE PROJECT LIMITED,Sadbhav Infrastructure Project Limited
978,L24239MH1988PLC047759,SYNCOM FORMULATIONS (INDIA) LIMITED,Syncom Formulations (India) Limited
979,L24110TG1980PLC002633,PREMIER EXPLOSIVES LIMITED,Premier Explosives Limited
980,L51909MH2004PLC145007,SHARDA CROPCHEM LIMITED,Sharda Cropchem Limited
981,L26942TG1981PLC002887,SAGAR CEMENTS LTD,Sagar Cements Ltd
982,L17111TZ1976PLC000762,KANDAGIRI SPINNING MILLS LIMITED,Kandagiri Spinning Mills Limited
983,L27100GJ1994PLC021088,SURAJ LIMITED,Suraj Limited
984,L65920MH1985PLC035504,MUKESH BABU FINANCIAL SERVICES LIMITED,Mukesh Babu Financial Services Limited
985,L15321PB1944PLC001925,SUKHJIT STARCH AND CHEMICALS LTD,Sukhjit Starch And Chemicals Ltd
986,L15549GJ2010PLC063283,MANPASAND BEVERAGES LIMITED,Manpasand Beverages Limited
987,L72200RJ1995PLC009798,COMPUCOM SOFTWARE LIMITED,Compucom Software Limited
988,L99999PN1990PLC059487,ALICON CASTALLOY LIMITED,Alicon Castalloy Limited
989,L67120MH1992PLC070121,PRIME PROPERTY DEVELOPMENT CORPORATION LIMITED,Prime Property Development Corporation Limited
990,L29191TZ1956PLC000257,L G BALAKRISHNAN & BROS LIMITED,L G Balakrishnan & Bros Limited
991,L24230MH1985PLC036541,JENBURKT PHARMACEUTICALS LTD,Jenburkt Pharmaceuticals Ltd
992,L29290MH1972PLC015772,MANUGRAPH INDIA LIMITED,Manugraph India Limited
993,L27107CT1988PLC004607,MAHAMAYA STEEL INDUSTRIES LIMITED,Mahamaya Steel Industries Limited
994,L36912MH1990PLC058729,GOLKUNDA DIAMONDS AND JEWELLERY LIMITED,Golkunda Diamonds And Jewellery Limited
995,L00153MP1990PLC006090,NATRAJ PROTEINS LIMITED,Natraj Proteins Limited
996,L24119PN1989PLC052562,SMRUTHI ORGANICS LTD,Smruthi Organics Ltd
997,L24132MH1985PLC223220,NEO CORP INTERNATIONAL LIMITED,NEO CORP INTERNATIONAL LIMITED
998,L24129GJ1992PLC016917,GUJARAT INTRUX LIMITED,Gujarat Intrux Limited
999,L85200TG1993PLC046359,VISHNU CHEMICALS LIMITED,Vishnu Chemicals Limited
1000,L26924HR1985PLC056150,KAJARIA CERAMICS LIMITED,Kajaria Ceramics Limited
1001,L26942TG1979PLC002485,KAKATIYA CEMENT SUGAR AND INDUSTRIES LIMITED,Kakatiya Cement Sugar And Industries Limited
1002,L35204WB1987PLC031664,INDUSS FOOD PRODUCTS & EQUIPMENTS LIMITED,Induss Food Products & Equipments Limited
1003,L70109TG1995PLC019116,TRANSPORT CORPORATION OF INDIA LIMITED,Transport Corporation Of India Limited
1004,U01100MH1988PTC049277,NIRMAL SEEDS PRIVATE LIMITED,Nirmal Seeds Private Limited
1005,U01110MH1994PTC083566,DOW AGROSCIENCES INDIA PRIVATE LIMITED,Dow Agrosciences India Private Limited
1006,U01119AP2004PTC043338,VIJAYNAGAR BIO-TECH PRIVATE LIMITED,Vijaynagar Bio-Tech Private Limited
1007,U01222TG1978PLC002297,SRINIVASA HATCHERIES LIMITED,Srinivasa Hatcheries Limited
1008,U01222TG1983PTC003979,SRINIVASA FARMS PRIVATE LIMITED,Srinivasa Farms Private Limited
1009,U05110TZ2000PTC009278,KIKANI EXPORTS PRIVATE LIMITED,Kikani Exports Private Limited
1010,U07010KA2002PTC031181,REDDY STRUCTURES PRIVATE LIMITED,Reddy Structures Private Limited
1011,U15122AP1992PLC094924,DEVI SEA FOODS LIMITED,Devi Sea Foods Limited
1012,U15142MP1973PLC001225,VIPPY INDUSTRIES LIMITED,Vippy Industries Limited
1013,U15420MH2004PTC144878,SUCDEN INDIA PRIVATE LIMITED,Sucden India Private Limited
1014,U17115PB1979PLC003991,AARTI STEELS LIMITED,Aarti Steels Limited
1015,U18101AP1962PLC000919,SREE SATYANARAYANA SPINNING MILLS LTD,Sree Satyanarayana Spinning Mills Ltd
1016,U18101KL1991PLC006048,KITEX CHILDRENSWEAR LIMITED,Kitex Childrenswear Limited
1017,U19201UP2000PTC025269,EURO FOOTWEAR PRIVATE LIMITED,Euro Footwear Private Limited
1018,U23109MP2000PTC014351,AGARWAL COAL CORPORATION PRIVATE LIMITED,Agarwal Coal Corporation Private Limited
1019,U23200MH1995PTC090671,HINDUSTAN COLAS PRIVATE LIMITED,Hindustan Colas Private Limited
1020,U23201MH2007PTC174642,STANDARD GREASES AND SPECIALITIES PRIVATE LIMITED,Standard Greases And Specialities Private Limited
1021,U24100MH1994PLC078452,REX-TONE INDUSTRIES LIMITED,Rex-Tone Industries Limited
1022,U24110TG1943PTC000621,BIOCHEMICAL AND SYNTHETIC PRODUCTS PRIVATE LIMITED,Biochemical And Synthetic Products Private Limited
1023,U24110TG1989PLC009723,HETERO LABS LIMITED,Hetero Labs Limited
1024,U24110TG1999PLC030970,SAI LIFE SCIENCES LIMITED,Sai Life Sciences Limited
1025,U24131GJ1995PLC084273,RESINOVA CHEMIE LIMITED,Resinova Chemie Limited
1026,U24210GJ1985PTC007569,AGROCEL INDUSTRIES PRIVATE LIMITED,Agrocel Industries Private Limited
1027,U24230MH1980PTC023291,CENTAUR PHARMACEUTICALS PRIVATE LIMITED,Centaur Pharmaceuticals Private Limited
1028,U24235TG1969PTC001282,SANZYME PRIVATE LIMITED,Sanzyme Private Limited
1029,U24239MH1961PTC012098,USV PRIVATE LIMITED,Usv Private Limited
1030,U24298DL1996PLC083879,HAL OFFSHORE LIMITED,Hal Offshore Limited
1031,U24299GJ1987PTC010073,MADHU SILICA PRIVATE LIMITED,Madhu Silica Private Limited
1032,U26942TG1984PTC004951,MY HOME INDUSTRIES PRIVATE LIMITED,My Home Industries Private Limited
1033,U27109CT2004PTC016643,CREST STEEL AND POWER PRIVATE LIMITED,Crest Steel And Power Private Limited
1034,U27109WB2003PLC097108,BMA STAINLESS LIMITED,Bma Stainless Limited
1035,U28113TN2010PTC075244,FLOMETALLIC INDIA PRIVATE LIMITED,Flometallic India Private Limited
1036,U28910GJ1974PTC002548,FORGE AND FORGE PRIVATE LIMITED,Forge And Forge Private Limited
1037,U28910PN1981PTC024155,WESTERN INDIA FORGINGS PVT LTD,Western India Forgings Pvt Ltd
1038,U29130WB1946PLC013643,NATIONAL ENGINEERING INDUSTRIES LIMITED,National Engineering Industries Limited
1039,U29219CH1994PLC015132,INDO FARM EQUIPMENT LIMITED,Indo Farm Equipment Limited
1040,U29309TN1998PTC040717,BONFIGLIOLI TRANSMISSIONS PRIVATE LIMITED,Bonfiglioli Transmissions Private Limited
1041,U32201GJ1972PTC002065,POWER BUILD PRIVATE LIMITED,Power Build Private Limited
1042,U33200GA2009PTC006140,BIRLA FURUKAWA FIBRE OPTICS PRIVATE LIMITED,Birla Furukawa Fibre Optics Private Limited
1043,U34100PN1995PLC158999,TATA AUTOCOMP SYSTEMS LIMITED,Tata Autocomp Systems Limited
1044,U34300MH1996PTC102485,SANJEEV AUTO PARTS MANUFACTURERS PRIVATE LIMITED,Sanjeev Auto Parts Manufacturers Private Limited
1045,U35921DL2004PTC130190,FIREFOX BIKES PRIVATE LIMITED,Firefox Bikes Private Limited
1046,U40102MH1939PLC002892,THE SEKSARIA BISWAN SUGAR FACTORY LIMIITED,The Seksaria Biswan Sugar Factory Limiited
1047,U40102TG1973PTC001763,USHODAYA ENTERPRISES PRIVATE LIMITED,Ushodaya Enterprises Private Limited
1048,U40102UP2008PLC046764,BAJAJ ENERGY LIMITED,Bajaj Energy Limited
1049,U40109TG1994PLC017199,HINDUJA NATIONAL POWER CORPORATION LTD,Hinduja National Power Corporation Ltd
1050,U40109TG1999PTC031814,MEENAKSHI POWER PRIVATE LIMITED,Meenakshi Power Private Limited
1051,U40109TG2002PLC038452,LANCO THERMAL POWER LIMITED,Lanco Thermal Power Limited
1052,U45201DL2003PTC120389,CHIRAG ASSOCAITES PRIVATE LIMITED,Chirag Assocaites Private Limited
1053,U45201GJ2002PTC041055,MAHESHWARI (THALTEJ) COMPLEX PRIVATE LIMITED,Maheshwari (Thaltej) Complex Private Limited
1054,U45201PN1994PTC077758,ROHAN BUILDERS (INDIA) PRIVATE LIMITED,Rohan Builders (India) Private Limited
1055,U45201RJ2008PLC026256,MANGLAM BUILD-DEVELOPERS LIMITED,Manglam Build-Developers Limited
1056,U45202MH1982PTC028492,DOSTI LAND DEVELOPERS PVT LTD,Dosti Land Developers Pvt Ltd
1057,U45202PN1994PTC077842,KUMAR PROPERTIES AND REAL ESTATE PRIVATE LIMITED,Kumar Properties And Real Estate Private Limited
1058,U45203MP1980PTC001674,AGARWAL FUEL CORPORATION PRIVATE LIMITED,Agarwal Fuel Corporation Private Limited
1059,U45300MH1942PLC003573,TATA HOUSING DEVELOPMENT COMPANY LIMITED,Tata Housing Development Company Limited
1060,U45400TG2007PLC053432,KMV PROJECTS LIMITED,Kmv Projects Limited
1061,U51109WB1981PTC034051,TOPSEL PVT LTD,Topsel Pvt Ltd
1062,U51220MH1995PLC084645,NIPUR CHEMICALS LIMITED,Nipur Chemicals Limited
1063,U51490MH1970GOI014733,THE COTTON CORPORATION OF INDIA LIMITED,The Cotton Corporation Of India Limited
1064,U51900WB2006PTC107247,JEKAY INTERNATIONAL TRACK PVT. LTD.,Jekay International Track Pvt. Ltd.
1065,U51909AP1954PLC000525,SREE AKKAMAMBA TEXTILES LTD,Sree Akkamamba Textiles Ltd
1066,U51909DL2007PLC163438,VRS FOODS LIMITED,Vrs Foods Limited
1067,U51909RJ1996PTC012568,MIRAJ PRODUCTS PRIVATE LIMITED,Miraj Products Private Limited
1068,U52190TG2008PLC059968,SAI SILKS (KALAMANDIR) LIMITED,Sai Silks (Kalamandir) Limited
1069,U60210PN1985PTC037099,SAI SERVICE PRIVATE LIMITED,Sai Service Private Limited
1070,U61100MH2002PLC135732,SEVEN ISLANDS SHIPPING LIMITED,Seven Islands Shipping Limited
1071,U65910GJ1995PTC084677,KIFS SECURITIES PRIVATE LIMITED,Kifs Securities Private Limited
1072,U65991TN1943PTC002656,SUNDARAM INDUSTRIES PRIVATE LIMITED,Sundaram Industries Private Limited
1073,U65993MH2006PTC165142,APAX PARTNERS INDIA ADVISERS PRIVATE LIMITED,Apax Partners India Advisers Private Limited
1074,U67190MH1986GOI040506,STOCK HOLDING CORPORATION OF INDIA LIMITED,Stock Holding Corporation Of India Limited
1075,U67190MH1996PLC097473,HSBC INVESTDIRECT FINANCIAL SERVICES (INDIA) LIMITED,Hsbc Investdirect Financial Services (India) Limited
1076,U72200KA2005PTC035598,AXA TECHNOLOGIES SHARED SERVICES PRIVATE LIMITED,Axa Technologies Shared Services Private Limited
1077,U72200TG1997PLC033030,PROLIFICS CORPORATION LIMITED,Prolifics Corporation Limited
1078,U72400TG2003PTC041636,KARVY COMPUTERSHARE PRIVATE LIMITED,Karvy Computershare Private Limited
1079,U72900KA2001PTC028394,AXISCADES AEROSPACE & TECHNOLOGIES PRIVATE LIMITED,Axiscades Aerospace & Technologies Private Limited
1080,U74210PN1999PTC013421,ENPRO INDUSTRIES PRIVATE LIMITED,Enpro Industries Private Limited
1081,U74899DL1977PTC008672,SPAN INDIA PVT LTD,Span India Pvt Ltd
1082,U74899DL1984PLC072383,CHEVIOT INTERNATIONAL LIMITED,Cheviot International Limited
1083,U74899DL1992PTC050142,RUDRABHISHEK ENTERPRISES PRIVATE LIMITED,Rudrabhishek Enterprises Private Limited
1084,U74899DL1995PTC065253,HERO CORPORATE SERVICE PRIVATE LIMITED,Hero Corporate Service Private Limited
1085,U74999DL1977PTC008682,ANIKA INTERNATIONAL PRIVATE LIMITED,Anika International Private Limited
1086,U74999DL1987PLC029553,SANDHAR TECHNOLOGIES LIMITED,Sandhar Technologies Limited
1087,U74999KA1983PTC005412,AUMA INDIA PRIVATE LIMITED,Auma India Private Limited
1088,U74999MH1975PTC206199,ANAND AUTOMOTIVE PRIVATE LIMITED,Anand Automotive Private Limited
1089,U74999MH1998PTC112992,TATA FICOSA AUTOMOTIVE SYSTEMS PRIVATE LIMITED,Tata Ficosa Automotive Systems Private Limited
1090,U74999MH2008PTC185433,GUMPRO DRILLING FLUIDS PRIVATE LIMITED,Gumpro Drilling Fluids Private Limited
1091,U74999WB1989PLC046263,HI-TECH SYSTEMS & SERVICES LTD.,Hi-Tech Systems & Services Ltd.
1092,U80301KA2007PTC044771,BASE EDUCATIONAL SERVICES PRIVATE LIMITED,Base Educational Services Private Limited
1093,U85110GJ1975PLC054824,ESSAR PORTS LIMITED,Essar Ports Limited
1094,U85110PB1993PTC013811,TYNOR ORTHOTICS PRIVATE LIMITED,Tynor Orthotics Private Limited
1095,U90001TG2009PLC063708,DELHI MSW SOLUTIONS LIMITED,Delhi Msw Solutions Limited
1096,U92411TG1971NPL001403,HYDERABAD RACE CLUB,Hyderabad Race Club
1097,U93030MH2011PTC212831,SIDHHARTHA CORPORATION PRIVATE LIMITED,Sidhhartha Corporation Private Limited
1098,U99999MH1998PTC118876,HALDEX INDIA PRIVATE LIMITED,Haldex India Private Limited
